acc_x,acc_y,acc_z,gyro_x,gyro_y,gyro_z,heart_rate,room_temp,room_light,room_type,posture,time_of_day,risk_level,fall_event,fall_severity
0.4967141530112327,1.3993554365860021,9.124821725025619,-9.539037789386954,-4.31746802482467,-2.1187984101135164,97,23,689,Hallway,Lying,Morning,Medium,0,None
-0.13826430117118466,0.9246336829127688,9.655481329284482,-4.301925053897509,-0.15601744469541987,-2.2670705419192703,100,18,177,Bathroom,Transition,Morning,Low,1,Mild
0.6476885381006925,0.05963036992017413,9.00758007900004,-2.0680276671082214,0.09008436022223293,-8.978215863150075,66,22,271,LivingRoom,Standing,Evening,Medium,0,None
1.5230298564080254,-0.6469367777055739,9.49203847036096,9.438438286700952,2.3631517292170283,-1.6504509585071863,73,27,388,Hallway,Lying,Afternoon,Medium,0,None
-0.23415337472333597,0.6982233136135899,7.906385333046215,2.7827656226687907,-6.834291816404132,3.664145409108725,102,23,644,Hallway,Walking,Night,Medium,0,None
-0.23413695694918055,0.3934853854217496,10.01329370737294,-6.677407845499457,2.962836369236653,-6.371160595383976,112,28,911,Bathroom,Sitting,Afternoon,Low,0,None
1.5792128155073915,0.8951932200277323,9.801205475362226,2.430181447088185,-13.521958158013875,5.242413255252963,107,25,887,Hallway,Standing,Morning,High,0,None
0.7674347291529088,0.6351718016819695,8.98291136893181,-7.736519944691827,-3.149422761819052,2.4388741054216907,84,28,978,Bathroom,Walking,Evening,Medium,0,None
-0.4694743859349521,1.0495527153193351,10.459245668432406,5.413455269435366,-2.4413692122577233,-3.6711666098551894,91,26,519,Bedroom,Standing,Evening,High,0,None
0.5425600435859647,-0.535235211560568,10.737570137626559,-2.355623259089393,3.1666341303561922,-0.7076481866892371,97,28,106,LivingRoom,Walking,Afternoon,Low,0,None
-0.46341769281246226,1.3173940656343257,8.192440135631026,-0.4681809436958542,0.1131542633843457,7.991609038205166,81,20,259,Hallway,Transition,Afternoon,Low,0,None
-0.46572975357025687,0.19759960469239965,9.037275221433786,6.62898323771095,-7.027815269281433,3.6677390675293293,118,19,339,Bedroom,Sitting,Evening,High,0,None
0.24196227156603412,2.0752608726252655,9.030857650212702,-6.435817842921249,-4.924965629085076,0.04391827449073908,75,21,522,Hallway,Transition,Morning,Medium,0,None
-1.913280244657798,-0.6891878180895679,8.860096898891136,-6.985590925564956,0.9934000477370344,-1.1884165848049215,111,25,635,Hallway,Walking,Night,Low,0,None
-1.7249178325130328,1.7359638031652493,10.62947484193175,-2.9179966317300243,-0.3953367093227814,0.38304535225829806,88,28,825,Bedroom,Lying,Night,Medium,0,None
-0.5622875292409727,0.1979107834626478,9.606173861227198,5.191894255096583,-2.8956205481787323,-2.558817789711517,75,25,169,Hallway,Transition,Afternoon,Medium,0,None
-1.0128311203344238,-0.6514180036144483,9.53548515868939,-7.596730377384212,-2.4041689475598966,-10.523747528595074,71,20,979,Hallway,Lying,Evening,High,0,None
0.3142473325952739,-0.48388583405432156,7.796137635593247,-14.160777990552845,3.480839985796445,10.210889552673654,76,21,315,Bedroom,Walking,Evening,Low,0,None
-0.9080240755212109,-0.32034730819432017,10.435418030209227,-2.255794292044994,-2.588462864346073,0.7766249959970073,96,20,203,Hallway,Sitting,Evening,High,0,None
-1.4123037013352915,0.4241659464019164,8.560741605146529,2.758703999554602,-0.44045622014536645,1.9907363256126855,86,27,826,Bathroom,Lying,Morning,Low,0,None
1.465648768921554,0.5228354880354996,9.859932630266329,6.0013087486941465,10.849682940402714,-0.2895387493845436,84,19,153,Hallway,Walking,Afternoon,High,0,None
-0.22577630048653566,-0.573700003938579,10.077376937958192,-2.315806810426995,-7.118413184419615,-3.67558400362294,72,21,905,LivingRoom,Lying,Afternoon,Low,0,None
0.06752820468792384,-0.02435459226098284,11.160658595838651,-2.057133035580012,-9.259213657873293,-0.9296224047438537,67,23,429,Hallway,Transition,Afternoon,Low,1,Severe
-1.4247481862134568,2.1422703586118637,8.491179600880889,5.769503671278736,3.9179483239930333,-7.996973810971556,115,28,947,LivingRoom,Walking,Morning,Low,1,Mild
-0.5443827245251827,1.7275431701007113,6.780487844179175,-9.348708498477103,-3.393215306470516,11.385432490266522,64,28,302,LivingRoom,Transition,Afternoon,Medium,0,None
0.11092258970986608,0.4363236696740321,9.983849544753696,-1.9426038759150464,-1.5911876387131012,-6.17255999211198,71,22,387,Hallway,Standing,Night,Medium,0,None
-1.1509935774223028,0.03800347816820029,11.600511181510853,0.9521194496252887,-3.905781890655571,-5.159831419235897,100,20,144,Bedroom,Walking,Afternoon,High,0,None
0.37569801834567196,0.1200313267182613,11.038946352939439,2.2460936064251715,-1.2990007038375626,-2.201296021932002,62,19,928,Bathroom,Lying,Afternoon,High,0,None
-0.600638689918805,0.6135179727304166,10.009659415274626,-2.549033465954413,7.992690560481707,6.4403786242618875,94,26,297,Bathroom,Standing,Afternoon,Low,0,None
-0.2916937497932768,-1.0227925651984056,9.308363814367953,0.17220505852920676,4.010642293090597,0.07254499631327069,92,18,315,Hallway,Transition,Morning,Low,0,None
-0.6017066122293969,-0.2573765374233451,10.60712259663731,-12.441636767064947,4.311117559434885,-6.180678980152312,116,26,580,Bedroom,Transition,Night,Medium,0,None
1.8522781845089378,-1.6685840738775894,8.826453800295532,-3.2912420616692417,-7.081135278963227,6.271691803786697,81,18,408,Bedroom,Lying,Night,Medium,0,None
-0.013497224737933921,0.39922312260527926,10.27635776935622,2.267543562772337,-5.755768682764346,3.6550031339274067,109,24,995,Bathroom,Standing,Evening,Medium,0,None
-1.0577109289559004,0.647195939702741,10.305470159166628,-4.911470171273398,-14.195393297427135,2.692174786082262,115,23,534,Bedroom,Sitting,Evening,High,0,None
0.822544912103189,-0.483186462299374,10.86020990749888,0.29492110794798687,-4.04690410541377,3.578671205854202,103,24,431,Hallway,Lying,Night,Medium,0,None
-1.2208436499710222,1.5739867632900328,12.559660038911078,2.23436250401349,4.783515931928292,11.971809502912254,68,20,795,Hallway,Transition,Afternoon,High,0,None
0.2088635950047554,-1.2257656630023412,10.192415967178768,-1.712746004288825,2.5847325787418547,10.925474475180561,100,20,126,Bedroom,Walking,Afternoon,Medium,0,None
-1.9596701238797756,-1.4643748802098202,9.291036374292503,0.8523188549828544,-1.1075663147606194,-3.4335767150164767,77,28,265,Hallway,Standing,Afternoon,Medium,0,None
-1.3281860488984305,0.22445181855997204,9.774425687808007,-4.813662826423061,-0.11150141859026526,8.119424964055762,109,18,417,LivingRoom,Sitting,Morning,Low,0,None
0.19686123586912352,1.0470983026121545,8.030924095110883,-1.0330563984802332,-3.4444277128770278,1.9158409487945016,88,21,373,Bathroom,Walking,Afternoon,High,0,None
0.7384665799954104,1.6839276914578687,9.105286868910943,3.0510808479461127,1.0237944120089209,2.495479080688747,98,29,482,Hallway,Standing,Morning,Medium,0,None
0.1713682811899705,-0.45888426286894,9.390717561886897,0.7848648048421711,3.829391397403074,-8.461354158216643,86,19,464,Bedroom,Lying,Night,Low,1,Moderate
-0.11564828238824053,1.0786808334312956,9.275911602065408,-2.9326563478196777,-8.079433937052364,-0.8519288269409798,95,27,202,Bathroom,Lying,Afternoon,High,1,Moderate
-0.3011036955892888,-0.03850846950070721,9.952354872033723,1.121082021453965,1.4982384391867407,-4.0641179516828245,104,25,602,Hallway,Standing,Afternoon,High,0,None
-1.4785219903674274,-0.17262729994081963,8.9775800676178,3.57304895318309,4.662174354773336,4.140294074466546,76,20,944,Bathroom,Sitting,Evening,Medium,0,None
-0.7198442083947086,0.8836599374866724,10.921030667324473,-10.24970639288739,-2.075501444816848,5.355402502014025,115,24,472,Bedroom,Standing,Night,High,0,None
-0.4606387709597875,0.6523228784134196,9.800207064918197,5.795370324779489,3.5035030606029185,-10.372431755081557,93,24,715,LivingRoom,Walking,Afternoon,Low,0,None
1.0571222262189157,-1.5763921569842494,9.790699678861387,-1.6812736934053598,14.073272222362764,-0.11017432002135225,105,29,344,LivingRoom,Walking,Morning,Low,0,None
0.3436182895684614,1.4765403497258958,9.472105283487084,2.1274496662011515,-0.5217139649344595,5.60930752397126,62,26,916,Hallway,Lying,Night,High,0,None
-1.763040155362734,1.3800913541474515,9.95519068385898,5.986234618226139,1.966535250026618,-0.9333948115672248,64,23,268,LivingRoom,Standing,Evening,Low,0,None
0.324083969394795,-0.6255627015095294,10.625098264667635,-6.8583684861523295,-3.6902854183069578,3.645318225011822,73,18,727,Hallway,Lying,Night,High,0,None
-0.38508228041631654,0.39580353343740904,8.9328697842891,-3.547205012137733,0.906255813010252,1.7558273381354204,62,25,752,Bathroom,Sitting,Morning,Low,0,None
-0.6769220003059587,0.4940301862827388,9.141883510924744,-1.442743479378524,2.3013581249115194,1.7083011597631317,82,18,517,Hallway,Walking,Evening,High,0,None
0.6116762888408679,0.2606737658239071,9.496273971223337,-3.9187676056221417,0.9742117013506902,-1.3565748903414874,98,20,455,Hallway,Transition,Morning,High,0,None
1.030999522495951,-0.5503051538454201,8.454129076526787,8.674682879184042,-5.098476598544284,-6.082904020678548,89,28,577,Hallway,Transition,Night,High,0,None
0.9312801191161986,-0.6716233679380516,8.980742140278503,-4.2838604691339635,1.0318088566272534,-5.607650737125137,109,22,224,LivingRoom,Standing,Evening,Low,0,None
-0.8392175232226385,-0.025554070991445278,9.323779126455342,-2.777733897434333,7.310979693588184,3.5467625722765863,104,25,636,Hallway,Standing,Morning,High,0,None
-0.3092123758512146,1.1727290192593647,10.674389180712728,1.021945158014884,2.2431788225726366,0.09729127759441558,82,26,805,Bedroom,Transition,Night,High,0,None
0.33126343140356396,0.5436001545944323,10.062561329001925,-6.010747630380444,4.809935945359205,-0.6925612230361238,86,24,995,Hallway,Standing,Morning,Medium,0,None
0.9755451271223592,-0.37061433208610595,9.993589911367545,-1.9784035587813191,-1.1850598500631386,-2.119450211611763,113,26,711,Bathroom,Walking,Afternoon,Medium,0,None
-0.47917423784528995,0.7716987106483447,10.650897962167972,1.5872663062508758,3.7495011971185526,-1.525944227403759,69,28,501,Bedroom,Sitting,Night,High,0,None
-0.18565897666381712,-2.8485426206300755,9.662628211600603,-1.6643020219125562,1.3963391910826297,5.234558972440697,84,20,616,Bathroom,Sitting,Evening,Medium,0,None
-1.1063349740060282,1.1487657003721035,10.19046484992889,-0.46693429449974144,-4.75455364843616,-1.6762204093401336,72,22,630,Bathroom,Lying,Evening,High,0,None
-1.1962066240806708,-1.7397137787780996,9.696778247067504,-2.646660562241854,1.5926050239943723,-6.705323566507843,75,27,781,Bathroom,Walking,Afternoon,Medium,0,None
0.812525822394198,-0.36244094140313216,10.06536234939963,-7.572351545903835,-4.958483317201552,3.7182588777008663,100,25,885,Bedroom,Standing,Morning,Low,0,None
1.356240028570823,-1.1196698946261439,9.21724134238842,1.6079660566961929,-3.1644013744239596,-1.024383319323586,93,29,353,Bedroom,Standing,Morning,Low,0,None
-0.07201012158033385,-1.2946814757209058,7.361182841723572,8.774665358236208,0.9466415364618707,0.15697932766388223,114,18,220,LivingRoom,Lying,Evening,High,0,None
1.0035328978920242,1.1608267873785194,9.665720837813696,0.09200815391719064,1.4862213669006201,8.037891531997552,96,25,131,Bedroom,Lying,Morning,High,0,None
0.36163602504763415,-0.46770120131189136,11.222748136099941,1.1263205862377477,-5.946162325385646,-0.10280278675253593,81,24,760,Hallway,Standing,Night,Low,0,None
-0.6451197546051243,0.3465038817307158,10.726215402241593,3.4636137755842973,5.269928855914381,1.4459183655936267,76,18,877,Bathroom,Standing,Night,Low,0,None
0.36139560550841393,-0.04692057887918407,10.76539748459117,-6.346652482733496,2.8600313915023645,-5.894617456491627,82,27,136,LivingRoom,Walking,Evening,Medium,0,None
1.5380365664659692,0.47704082722312147,11.036130721806218,8.512573290648028,-3.523642178054419,-1.0983472617548007,113,29,788,Bedroom,Lying,Night,High,0,None
-0.03582603910995154,0.07682189106025536,9.888657590961438,1.0116439821140102,-7.687923982245877,3.047630226043006,95,27,441,Bathroom,Walking,Evening,Low,0,None
1.5646436558140062,-1.2829922241885696,9.997315707405596,8.159284495445544,-0.7245228954071565,-7.776868669206212,108,29,112,Bedroom,Standing,Morning,Low,0,None
-2.6197451040897444,0.99626681944714,9.182348104565651,-3.6651649776199466,-2.229718569305801,1.0042254655785479,68,23,282,LivingRoom,Transition,Morning,High,0,None
0.8219025043752238,-0.4937565831613125,9.48392714397295,9.090309612789124,0.565702285265114,0.5039553632240314,111,18,756,Bedroom,Transition,Morning,Medium,0,None
0.08704706823817122,-1.556581898659751,10.415771149771142,3.8757774701739156,-1.8155833057778326,0.2064372779371969,61,19,364,Bedroom,Standing,Afternoon,Medium,1,Severe
-0.29900735046586746,-0.4281151609659125,11.003884437168818,2.765200429261792,-10.037284303725048,5.1857944932912154,91,22,187,Bathroom,Lying,Evening,Medium,0,None
0.0917607765355023,1.5007597906343109,9.660553724319001,1.1701222717657398,-1.941734691505792,1.6721925742426076,115,19,561,Hallway,Transition,Night,Medium,0,None
-1.9875689146008928,0.8502217421134929,9.349810735148589,-1.2426430903722467,-1.5280955553415647,7.39035949178222,109,27,145,Bedroom,Lying,Morning,Low,0,None
-0.21967188783751193,-0.3486521344078592,9.800527958856598,6.002658292369363,3.1683051238702937,-4.967947577970181,112,18,491,LivingRoom,Transition,Afternoon,High,0,None
0.3571125715117464,-0.3492577043184288,10.401206748929116,0.7017993492402348,-3.4909983730552483,0.6796228360917399,118,23,218,Bedroom,Lying,Night,High,0,None
1.477894044741516,-0.3216350512173826,8.35614518386646,-9.835348517935762,8.39337336686283,0.4223339319497371,81,25,630,Bedroom,Transition,Night,Low,0,None
-0.5182702182736474,2.076747983560841,7.503819046862763,-5.585932308535012,-9.558202753258785,-5.346272468775401,102,25,546,Hallway,Lying,Night,Low,0,None
-0.8084936028931876,0.38193545223155334,9.249463150508417,-0.9292287609637364,6.555837489013122,4.781475010456731,72,25,831,Bathroom,Walking,Morning,Low,0,None
-0.5017570435845365,0.43004164719106963,8.579287574085843,1.5499949158277753,-1.1215948543905239,11.62336652926409,67,28,844,LivingRoom,Lying,Night,High,0,None
0.9154021177020741,1.0302834540318422,9.29185980235269,-0.2829424444994792,4.297924361717781,-0.08503037241915498,118,23,705,Bathroom,Walking,Evening,High,0,None
0.32875110965968446,0.23878915902651351,9.65221968118253,6.094853948968316,0.3990074202936655,2.5251054413688347,60,28,862,Bathroom,Walking,Afternoon,High,0,None
-0.5297602037670388,-0.2590421458207031,9.346751590976988,-9.755509320193124,5.697777680127346,0.4225923790766362,76,20,861,Bathroom,Standing,Night,Medium,0,None
0.5132674331133561,-0.19634984908497827,11.252467534470746,0.717939682525801,-1.9368098227640562,-3.5679233495358793,71,18,893,Bedroom,Walking,Night,Low,0,None
0.09707754934804039,-0.07160125941406395,10.126744764602321,-9.089896126935773,-5.493102125889061,-9.103801389010082,63,19,843,Hallway,Sitting,Evening,Low,0,None
0.9686449905328892,-0.03722223650984159,10.100474359610828,3.798561477420842,7.102521436355316,-3.528867415476826,112,22,145,Bedroom,Walking,Night,Low,0,None
-0.7020530938773524,0.7276295436369798,10.422207144043403,-0.4722935722100138,-0.5674032294107059,-6.9597919047586565,72,27,985,LivingRoom,Lying,Morning,High,0,None
-0.3276621465977682,0.05194588580729943,8.66116688221923,2.098049860120591,1.107792368121053,8.52051039029559,90,22,607,Hallway,Walking,Morning,Low,0,None
-0.39210815313215763,0.7326400772155792,10.839111787420268,-4.31941480294883,6.173759570223975,-0.5755484696161958,100,27,657,Bathroom,Lying,Morning,Low,0,None
-1.4635149481321186,-0.08071658010858232,9.724235713464541,6.397324658288755,-5.159776210472175,-1.7295966452358535,118,18,625,Hallway,Lying,Night,Medium,0,None
0.29612027706457605,0.07863519031609059,10.470480617241213,5.208623320294256,2.9774544881962868,4.44576912393903,66,18,696,LivingRoom,Sitting,Afternoon,High,0,None
0.26105527217988933,-1.9982006845321076,8.728142766959845,2.917721515059438,-2.9494737823144543,-5.60875551427944,82,26,930,Bedroom,Walking,Afternoon,Low,0,None
0.00511345664246089,0.9163276747024814,8.246241233983936,-0.6475862343172039,-0.6608467782218592,-3.834320190022762,83,19,939,Bedroom,Walking,Night,High,0,None
-0.23458713337514692,0.3464884758979927,10.61788965802503,2.8992864264756606,0.3613948269214445,0.34036134624310516,64,24,102,Bathroom,Transition,Afternoon,High,0,None
-1.4153707420504142,0.9980101098596522,10.176409526097517,-3.5344628399367446,-7.50110930723468,5.143844957117403,64,27,127,Bedroom,Transition,Afternoon,High,0,None
-0.42064532276535904,-2.8962553781936893,8.89794844564249,4.277778295103561,-3.8941852141021736,2.508425225843941,76,21,480,Bedroom,Standing,Night,Medium,0,None
-0.3427145165267695,2.0883747047807275,8.930336918725306,8.247404471619605,6.755364462065696,1.241625712579411,89,24,256,LivingRoom,Lying,Morning,High,0,None
-0.8022772692216189,-0.13958962815517376,10.92543478441477,5.353052799895931,4.430955942923978,0.39058867618008175,68,25,954,Hallway,Sitting,Night,High,0,None
-0.16128571166600914,1.1081828167375165,8.610588107132672,-3.6480123490370477,-0.3131978866361743,2.001179277633876,65,22,610,Bedroom,Transition,Morning,High,0,None
0.4040508568145384,-1.0399059271255309,11.442672953255965,1.8070865863655143,1.2156172925644655,1.0082645256462732,84,29,432,LivingRoom,Walking,Morning,Low,0,None
1.8861859012105302,0.6127739050625697,8.899379265352131,-6.465707718793238,-1.4712125281822883,-5.149861373884679,78,29,943,LivingRoom,Standing,Afternoon,Medium,0,None
0.17457781283183896,-1.0534155631736561,10.438391925608384,2.861951555878379,6.78291692913991,0.2303961081657567,75,18,786,Bathroom,Sitting,Afternoon,Low,0,None
0.25755039072276437,-0.6237689606958051,9.471381524251017,2.253017064312694,-1.0017628889708194,-5.368443294588763,80,21,213,LivingRoom,Walking,Morning,Medium,0,None
-0.07444591576616721,1.9140313538667861,10.403187431082344,-9.34908169766082,1.1592104606742402,0.4054127145041186,61,27,488,Bathroom,Walking,Morning,Medium,0,None
-1.9187712152990415,-0.19068240076334658,9.255885997885809,-5.808919219561819,5.730150720710325,-2.403239707441207,69,20,586,Bedroom,Lying,Afternoon,High,0,None
-0.026513875449216878,0.21743287317972287,9.637207093927707,-1.4156944837188357,-3.886857424229533,12.696908113914308,75,27,942,Bathroom,Lying,Evening,High,0,None
0.06023020994102644,0.8700677306887542,9.840919175395722,-1.5042987357041313,7.79394592248447,-0.1994719187585596,96,29,349,LivingRoom,Transition,Morning,Low,0,None
2.463242112485286,0.49568188797260465,8.797812544218528,-6.047384677094026,-7.652307048716884,-7.021197831307944,74,22,670,Hallway,Transition,Morning,Medium,0,None
-0.19236096478112252,0.15041890514357642,10.540824345420127,1.9448936467609188,8.148210655563993,-0.6709010533846228,72,27,814,Hallway,Walking,Morning,High,0,None
0.30154734233361247,0.3649610024662254,9.286786433528416,1.2573680447025604,-1.863377919759873,2.59679372818944,72,27,414,Bedroom,Walking,Afternoon,High,0,None
-0.03471176970524331,2.403415585238275,9.571400084659983,-0.9713456598925965,-1.2134937391264087,8.366819730762618,91,23,338,Bedroom,Transition,Night,High,0,None
-1.168678037619532,-0.05761879703358539,8.805650625391488,-3.778957500791815,-9.450050855914714,-2.947261999693592,104,19,333,Hallway,Transition,Morning,High,0,None
1.1428228145150205,0.2010990467149675,7.23766634120469,5.243535632082818,-2.2739735868884643,-7.9121398701181995,106,24,402,Bathroom,Walking,Morning,Low,0,None
0.7519330326867741,1.050654396007612,9.608972237399831,8.277035565441476,-5.199032655134421,4.084185057154906,105,20,706,Bedroom,Sitting,Morning,Low,0,None
0.7910319470430469,1.1055259329579838,12.212615421612917,-2.4178074192326853,-3.0382317268673633,-6.902993529498255,67,18,752,LivingRoom,Walking,Night,High,0,None
-0.9093874547947389,1.1870303055603801,10.584604287898024,-3.0608345857741037,-0.686554828944398,-2.180777207537425,102,27,433,Bedroom,Sitting,Night,High,0,None
1.4027943109360992,0.6387302220291846,9.780739620265607,2.4560383270599813,4.788958072364528,-1.2881024275549702,77,20,212,Bathroom,Sitting,Morning,High,1,Mild
-1.4018510627922809,-1.1430049127304835,9.537109170791734,-1.7901468987349312,1.038016757003129,-0.34816726650054086,115,26,720,Bedroom,Walking,Morning,High,0,None
0.5868570938002703,1.633431532301096,9.822465892812048,-0.6969860033161708,1.5383832670055693,3.445822285371678,95,27,461,LivingRoom,Standing,Evening,High,0,None
2.1904556258099785,-1.146345393018688,10.34711911517521,3.698265758623357,-5.477596944227812,-3.4181714114319384,85,28,956,LivingRoom,Transition,Night,Medium,0,None
-0.9905363251306883,0.30263546523903323,8.619187184691157,-9.546780437536464,-4.403770448013651,-1.3686462608338035,69,28,900,LivingRoom,Lying,Evening,Medium,0,None
-0.5662977296027719,-0.7542758500193579,10.914321694668873,6.5915116242633465,8.99362509175656,-0.07135176474694252,90,23,196,Bathroom,Walking,Morning,Medium,0,None
0.09965136508764122,-0.06413834659299254,10.515381315441244,0.3634026216467067,-3.676005173816233,0.7479897875939402,92,28,946,Bathroom,Sitting,Morning,Medium,0,None
-0.5034756541161992,0.3287624103034804,10.518185725707935,-2.057465722810901,8.281041260286479,0.48913587353961335,88,23,115,LivingRoom,Walking,Morning,High,0,None
-1.5506634310661327,0.32135721545027307,10.238475738809727,-0.4461707711072446,-1.2153059944043325,2.1800288761128988,64,21,655,LivingRoom,Transition,Morning,Medium,0,None
0.06856297480602733,0.42192075423528475,9.81961665769399,-0.18785322489740633,0.011439680717520247,4.219197548208687,72,25,475,Bathroom,Sitting,Afternoon,Medium,0,None
-1.0623037137261049,1.613711269058647,10.472861235966821,-8.656006517224627,5.351825801149649,1.96317057825484,60,22,841,Bathroom,Lying,Afternoon,Low,1,Mild
0.4735924306351816,0.45353430151397983,10.391814133741379,7.47469113726618,6.359462109693283,2.2679276175460923,82,24,489,Bathroom,Lying,Afternoon,Medium,1,Moderate
-0.9194242342338032,-0.24415663529064868,9.445959289058976,0.20662816135309234,-0.5540628013954375,-7.911115833732389,99,26,719,Hallway,Lying,Evening,Medium,0,None
1.5499344050175394,0.9640871682883573,9.2263982271031,2.215010652236876,-1.9412152676076944,0.2511384958284022,62,22,316,Bathroom,Standing,Night,High,0,None
-0.7832532923362371,1.1894704889246406,9.901856295261988,4.757748852870214,-0.2796022426110656,2.397537740008043,62,28,498,LivingRoom,Sitting,Morning,Medium,0,None
-0.3220615162056756,-1.2276078151369925,11.349020151495187,-5.105812287801501,1.6897876411605914,3.6447059728522513,66,22,359,Hallway,Sitting,Night,Medium,0,None
0.8135172173696698,0.597400069849858,8.5608929243461,2.3673594951761423,4.456518434348777,-3.461753871168971,95,21,923,Bathroom,Standing,Afternoon,High,0,None
-1.2308643164339552,0.7011727423108983,8.33247473424756,-1.3382054544939679,0.021149294970757883,-3.295196374443225,94,23,419,LivingRoom,Sitting,Morning,Medium,0,None
0.22745993460412942,-0.29756350335999193,9.964760841236517,4.233853876082469,3.094431490115768,-2.8705033764179917,74,19,295,Bedroom,Standing,Morning,High,0,None
1.307142754282428,1.3757068133116195,9.850887701856019,-10.636137101757477,8.191798661354705,2.6820694994567167,99,20,577,Hallway,Walking,Evening,Medium,0,None
-1.6074832345612275,-0.15005558703252672,9.973341664370409,-0.495471501206345,1.9065480613239232,5.169405274621043,62,18,517,LivingRoom,Transition,Night,Low,0,None
0.1846338585323042,0.12557645347154225,10.0439531979085,-3.014103278919808,1.5582642800238915,-2.037300536458008,88,19,574,Bedroom,Lying,Evening,Low,1,Mild
0.25988279424842353,-0.1730718242838696,9.576797745365196,2.1613147531707773,-7.594554125450339,4.539811568135245,89,19,706,LivingRoom,Standing,Afternoon,Medium,0,None
0.7818228717773104,0.015579047581467534,11.289863438602083,2.3502209368410107,-13.153650684145317,0.617399045822971,98,25,667,Bathroom,Standing,Night,Low,0,None
-1.236950710878082,-1.0962750868952018,8.199096021523484,-3.5381294741101303,1.9418786461508417,-0.6214288858121815,77,25,643,Bathroom,Standing,Afternoon,High,0,None
-1.3204566130842763,-1.4400508825942944,8.971502975219755,-3.560869320880218,-0.4741211564043612,-1.056921149089845,70,19,330,Bedroom,Walking,Evening,Medium,1,Severe
0.5219415656168976,1.5945050632249722,9.696745239850953,-0.5533268427866472,-2.57391337457371,3.7330568230107857,102,23,983,Bathroom,Standing,Evening,High,0,None
0.29698467323318606,-0.8469613483183278,8.156811188845833,-4.483211136576041,1.217651020931723,1.6278890839353504,108,22,620,LivingRoom,Transition,Morning,Low,0,None
0.25049285034587654,-0.9913923494563072,9.62414559556793,4.209918477260635,-0.3020186459845415,11.379127138238188,119,20,802,Bedroom,Transition,Night,High,0,None
0.3464482094969757,-2.153390113603715,11.461470165728018,-1.8460360022372306,5.638901253169493,-4.261123214986621,97,22,972,LivingRoom,Lying,Night,Low,0,None
-0.6800247215784908,-0.6389617476895022,9.820886488295962,-14.534941096608208,0.4305543412948895,2.5905085101498786,99,22,299,LivingRoom,Walking,Morning,Low,0,None
0.23225369716100355,-1.3230897934074983,10.030700905718684,-1.8741102831090306,-3.734616425350838,-2.6460050490575644,60,22,945,LivingRoom,Transition,Night,Low,0,None
0.29307247329868125,1.642015160136369,8.53983523482742,-5.1927191042198615,4.950831194796445,-4.346434934943219,88,20,772,Bathroom,Sitting,Afternoon,High,1,Moderate
-0.7143514180263678,1.0098170893426341,9.183638591960523,-8.156379077304727,-1.0856553747310125,-0.05433568517486072,69,20,698,Bathroom,Sitting,Afternoon,Low,1,Moderate
1.8657745111447566,-0.6881503451777238,9.424803619676064,-6.187133191112863,2.6326834183615357,0.68676239703518,87,21,120,LivingRoom,Sitting,Evening,Medium,0,None
0.4738329209117875,2.2524358053443088,9.482284903243766,0.5470423591648503,-2.3870535309640024,14.590867775300463,116,24,410,Hallway,Standing,Afternoon,Low,0,None
-1.1913034972026486,0.9817654869915943,11.08164379500377,6.6432041412411555,-3.249134427487182,-0.9207290784160104,90,29,687,LivingRoom,Standing,Night,Medium,0,None
0.6565536086338297,-0.32483138350862245,10.357691060725125,1.5659223693249,0.42084115092848073,-5.650893647423417,78,29,997,LivingRoom,Sitting,Morning,Medium,0,None
-0.9746816702273214,-2.499405714873573,8.688542043062968,-3.0325169410786983,0.0641432177184256,1.3650535874719285,62,29,752,Bedroom,Lying,Evening,Medium,0,None
0.787084603742452,2.2909425725907417,10.046504778432006,2.2795209758535133,2.3991351768341653,-10.373200187731841,95,19,737,LivingRoom,Lying,Morning,Medium,0,None
1.158595579007404,-1.389572466763596,10.298221748496786,-2.295451551094959,-1.3432287665487128,-0.4597839130213293,102,27,862,Bathroom,Standing,Evening,High,0,None
-0.8206823183517105,-1.6453987469568918,10.940149038521268,-3.4730018458157232,-9.181798918851987,0.08012641147580213,74,21,999,Bedroom,Sitting,Evening,Medium,0,None
0.9633761292443218,1.0225704320096403,11.380540686568374,-5.771813341164922,-2.1638694179419433,3.973001914726057,92,21,695,Hallway,Lying,Morning,Low,0,None
0.4127809269364983,2.439752406339273,8.784905808172132,-8.759144033758595,3.969092335719078,4.868111247139234,100,18,533,Bedroom,Standing,Afternoon,Medium,0,None
0.82206015999449,1.3842728185105182,8.989142488789662,-1.9496185327972264,-1.4868803962155321,-2.5178480945385875,102,27,470,Hallway,Sitting,Afternoon,Low,0,None
1.8967929826539474,0.5639091200523596,8.542422141085385,0.7902674496006592,-1.2319170125727401,-0.7530700731496651,110,25,659,Bedroom,Walking,Afternoon,High,1,Severe
-0.2453881160028705,0.594754341665286,9.56598014089302,-0.4831183500744486,4.931882529529686,-3.8306041530533546,104,18,990,Bedroom,Sitting,Afternoon,Medium,0,None
-0.7537361643574896,0.8534155587803077,10.266358374446336,-2.0798346397367933,-3.559866136294614,-5.6403127740384695,85,25,177,Hallway,Sitting,Morning,Low,1,Moderate
-0.8895144296255233,0.7589285897867651,10.787334516589102,-4.728730303483905,-7.714016091214498,1.5494738969031727,75,24,641,Bathroom,Transition,Night,High,0,None
-0.8158102849654383,0.2811914239693758,9.724048976357478,3.0412309584248427,-0.8031555976274718,-6.367927742982996,95,26,384,Bathroom,Transition,Evening,High,0,None
-0.0771017094141042,0.10420110395187607,9.480152476745157,-6.585659599732924,-2.420869756243685,-2.0731345028593156,92,25,747,Bathroom,Walking,Morning,Low,0,None
0.3411519748166439,-0.06259312789952241,9.95175799224874,3.880139569217377,-4.83123159876627,-4.975869799496187,79,22,239,Bedroom,Walking,Afternoon,Medium,0,None
0.27669079933001905,-0.7539645888666763,8.964857098369977,-5.011085094633624,-0.8768922794934536,2.7484159314512984,72,25,652,LivingRoom,Sitting,Afternoon,High,0,None
0.8271832490360238,-0.28067507686677406,11.889538721694773,-3.762176186765175,2.457528236233918,9.00715049633244,92,28,381,Bedroom,Lying,Morning,Low,0,None
0.01300189187790702,-1.6929568141953855,8.192338972881942,-7.333925953078385,-0.04644280783907873,-6.5079399140166565,64,27,661,LivingRoom,Walking,Evening,Medium,0,None
1.4535340771573169,-0.09833962679474989,9.984740578895725,-2.5070107344281833,1.5349053634311889,-9.265092414487846,96,29,357,LivingRoom,Sitting,Morning,High,0,None
-0.2646568332379561,-0.9885911071509175,11.82360621922964,4.876562292389894,9.067038492577115,-0.624434426750337,73,29,922,Bathroom,Standing,Morning,Low,0,None
2.720169166589619,-1.103589317215771,9.806799844559999,2.5781404422197824,-1.7143943077878205,0.07848897978879191,86,20,459,LivingRoom,Transition,Night,High,0,None
0.6256673477650062,0.17989415115347845,9.609960964998507,4.892110560140176,1.3917431732233478,1.0932965337864886,82,27,539,Bedroom,Lying,Morning,High,0,None
-0.8571575564162826,1.3920022863445993,9.442554577189574,2.6107127296696793,-2.5460668129956727,-2.2316025761717246,73,24,369,Bedroom,Sitting,Night,Low,0,None
-1.0708924980611123,0.918316606002313,9.619608318237592,-5.5183491426518465,-4.231798599434865,-1.0031964941271592,99,29,233,Bathroom,Standing,Evening,High,0,None
0.4824724152431853,-1.570500603623177,11.172848474676531,-1.6539461216377869,-2.9245382670888493,1.837552052703011,63,21,845,Hallway,Transition,Morning,Low,1,Mild
-0.2234627853258509,-0.9896281365703375,7.588138088670494,-3.9009956455873134,-2.393792857608443,5.202154463224194,98,22,739,Bedroom,Standing,Morning,Medium,0,None
0.714000494092092,0.9407711879882159,11.333433701296325,6.652874520195201,1.7973789877356277,-9.775243851591414,111,26,203,LivingRoom,Sitting,Afternoon,Low,0,None
0.47323762457354485,-0.9824873935383096,8.376042847549856,-5.9839432321315575,11.745378933503787,-1.844697195157311,78,24,865,Bedroom,Walking,Morning,Medium,0,None
-0.07282891265687277,-0.2246331499970246,9.533347670765586,4.468488446945554,-3.5802171813792016,1.069043969705317,106,21,194,Bedroom,Transition,Afternoon,High,0,None
-0.846793718068405,0.5500520990245519,9.370755579701338,4.464769350543846,-2.0831265280773126,-4.589880523053679,113,23,948,Bedroom,Standing,Afternoon,Low,0,None
-1.5148472246858646,-0.9683444548636353,10.388553269770721,9.148101008580436,-0.31561506555624125,8.655848158836498,63,27,828,Hallway,Walking,Afternoon,Low,0,None
-0.4465149520670211,0.1053755061459599,8.201875648116253,-2.0484329631474867,1.9789942435487353,-3.177049401143685,89,28,672,LivingRoom,Lying,Evening,Low,0,None
0.8563987943234723,-1.3340254949182044,10.262172666081943,3.5616107979008103,1.3177540597739248,-0.20646343503641418,78,24,579,Bathroom,Sitting,Night,Low,0,None
0.21409374413020396,-0.6013676439512137,11.824309623286853,11.408259182694213,6.420478969740586,2.7801104842114537,90,27,879,Bedroom,Sitting,Afternoon,Medium,0,None
-1.245738778711988,0.31978193414253697,8.43682599540719,-3.088208384668483,-12.13196035267604,-2.9564239440094724,90,26,340,LivingRoom,Transition,Morning,Medium,0,None
0.173180925851182,-1.5929937335316693,9.989706167610397,-7.675201237661798,-11.934649350978363,-9.232865239022086,68,21,112,LivingRoom,Standing,Morning,High,0,None
0.3853173797288368,0.440474737960399,9.138017822203391,-9.400050169538819,-2.4793908600507466,-2.1432726345826665,112,27,246,Bathroom,Lying,Afternoon,High,0,None
-0.883857436201133,-0.019637798926681216,10.225887206193036,3.5635601443066567,5.486500937718544,5.147202779635203,72,20,851,Bedroom,Transition,Afternoon,High,0,None
0.1537251059455279,0.5524899544171478,9.819147777415752,-9.41575104029292,-7.828240158027981,-1.6844756339256928,73,25,700,Hallway,Transition,Morning,High,0,None
0.058208718445999896,0.22391413406466143,9.15851309095569,-1.8615952646896141,-15.038161698468786,-4.232171507294893,114,18,194,LivingRoom,Standing,Afternoon,Low,0,None
-1.142970297830623,1.3641404299738442,10.287872284871074,2.1865659351948037,2.8558970310960436,4.628361047513608,119,26,926,Bathroom,Lying,Night,Medium,0,None
0.3577873603482833,0.12522450264790727,11.604348109786743,0.9258776841495703,1.218286118513572,-1.6538744801152636,105,18,392,Hallway,Standing,Night,Medium,0,None
0.5607845263682344,-0.429405541125253,9.609096208272701,2.1272243209208614,-5.451042033997149,-2.5508040682510864,113,19,124,LivingRoom,Sitting,Evening,Medium,0,None
1.083051243175277,0.12229750303228377,10.519757942148182,1.1114492790042703,-4.927698003604649,0.7472804483165476,69,25,371,Bedroom,Walking,Afternoon,Medium,0,None
1.053802052034903,0.5432980290363879,8.506727042128837,6.394329066566966,-4.848718598173372,3.8537510480939368,107,26,604,LivingRoom,Sitting,Evening,High,0,None
-1.377669367957091,0.04886007032570433,8.843563623181993,-4.761581903693985,0.5526765873697006,11.90856765866273,90,24,265,Hallway,Sitting,Evening,Low,0,None
-0.9378250399151228,0.04059169120388238,10.272406277880378,-3.384975692292657,-3.131576380915035,4.136180538287116,96,20,861,Hallway,Transition,Evening,Medium,0,None
0.5150352672086598,-0.7019916878067554,11.284116028535966,-3.8632972263541197,2.4703195948775982,5.7991998319417215,82,24,186,Bedroom,Sitting,Afternoon,Low,1,Mild
0.5137859509122088,-0.6629009175509482,10.15561334878566,4.150959059313051,-14.273133314521955,-2.5298309949392768,86,23,753,Bedroom,Lying,Evening,Low,0,None
0.5150476863060479,-1.4026052717996935,9.486941969476847,4.501992941975318,-4.284259325638996,-5.129340529847381,65,19,745,Bathroom,Sitting,Night,Low,0,None
3.852731490654721,1.7495767431869393,9.799291405423356,2.256126596592541,-5.630269804555251,0.31165674809561483,85,20,890,Bedroom,Lying,Evening,Low,0,None
0.570890510693167,-1.243863235391285,8.549592266030283,5.917468334449639,-1.281703391862461,0.535849576297981,61,28,737,Bathroom,Standing,Night,Medium,0,None
1.135565640180599,-0.6929051977959073,10.404515326355368,-5.8902043368819035,-2.6902387924506925,-5.392563706822986,104,29,927,Hallway,Transition,Night,Medium,1,Moderate
0.9540017634932023,-0.7184072655691974,10.68233306232341,8.336120557755685,3.989218899478833,-0.8764726495200642,72,27,590,Hallway,Lying,Afternoon,Medium,0,None
0.651391251305798,0.8949243769444413,9.34790966716692,7.616193108561291,-9.296683858300288,1.9965880085956544,110,27,240,LivingRoom,Sitting,Evening,High,0,None
-0.3152692446403456,-0.2949496782920278,9.329957852240499,3.6781099862287334,0.22745738165376,1.8019669750904008,109,29,967,LivingRoom,Transition,Afternoon,Medium,0,None
0.7589692204932674,1.2477420726737338,10.06587822965205,8.9089945438553,2.7916821160585275,2.521439266921362,119,22,202,Bathroom,Transition,Night,High,0,None
-0.7728252145375718,-0.6734906242438685,9.363280263959405,-8.283116038388869,9.283237182809774,1.4548236506872148,78,27,325,Bedroom,Lying,Morning,High,0,None
-0.23681860674000887,0.27899416222380197,9.733867385374179,-2.6222406813132593,-2.408829855467376,-2.535043296350279,60,21,674,Bedroom,Lying,Evening,High,0,None
-0.48536354782910346,-0.8353470532597573,11.899721789166517,-3.6765173034097614,1.6222930217625853,-2.5695031332442158,99,19,393,LivingRoom,Walking,Afternoon,Medium,0,None
0.08187413938632256,2.1451491277733883,9.552974299254004,3.607396618786716,-9.019313962811825,-5.99475698996938,91,21,995,Hallway,Walking,Morning,Medium,0,None
2.3146585666735087,-1.1875984190295128,9.441659847978778,-5.250703698010728,-11.959781021565119,8.923875195925476,81,29,405,Bathroom,Transition,Evening,Medium,0,None
-1.867265192591748,0.3098207102270275,9.152458194364842,3.7874757466874276,4.2238718789085,0.06725182309646503,107,25,353,Hallway,Walking,Evening,High,0,None
0.6862601903745135,0.6337768809320985,10.544191971499938,6.852680719983567,-0.02780146824035283,-1.1242652789742595,88,22,279,Hallway,Sitting,Afternoon,High,0,None
-1.6127158711896517,0.41379909745149823,9.618775826781897,3.4760145004199967,5.892563448992114,-4.643960407262294,61,22,139,Bedroom,Standing,Morning,Low,0,None
-0.47193186578943347,-0.1852876588777083,9.150626961678574,1.4187551183075056,-6.867014444848746,14.67828951163889,99,29,875,Bathroom,Transition,Afternoon,High,0,None
1.088950596967366,-0.12982069973342616,11.121304032273013,-4.939366704503746,2.5995106976437627,-5.366640161114478,97,29,800,Hallway,Standing,Evening,High,0,None
0.06428001909546277,0.0438114719791096,11.219603004513639,-4.234254830626823,9.344089202719266,-2.144239628030367,107,27,619,LivingRoom,Walking,Evening,Medium,0,None
-1.0777447779293061,-0.14700200162848862,9.199576434261296,6.248094526483333,2.0985280417863295,2.0791841814303025,114,20,715,LivingRoom,Lying,Night,Low,0,None
-0.7153037092599682,0.9638791167949097,7.933460048639384,3.8967450195266617,1.3829075279552439,3.001064828721389,70,25,836,Bedroom,Transition,Evening,Low,0,None
0.6795977489346758,2.2105230015913513,10.807513689836924,-0.19509759688772058,0.04278040412174916,4.78966027607842,76,23,645,LivingRoom,Walking,Evening,Low,0,None
-0.7303666317171367,-0.5574917850078336,9.115370174239997,-2.089547728829453,-7.854407285629561,9.038042538846316,114,19,335,LivingRoom,Sitting,Morning,Medium,0,None
0.21645858958197486,-1.3698029795790778,10.59062559916277,-10.129039365556885,6.77786467855174,2.5307882773035617,110,19,562,Hallway,Transition,Morning,Low,0,None
0.045571839903813784,-0.08828204835125482,7.829896182288165,-5.354262093422194,-3.054288199025329,-5.280153999833338,102,26,327,LivingRoom,Transition,Night,Low,0,None
-0.6516003476058171,2.5797093376543185,10.69259733829931,9.557095435698617,2.522416281915085,-1.2847256256089077,119,24,799,LivingRoom,Lying,Night,Medium,0,None
2.1439440893253257,-0.8036745679697308,8.58882807071922,-6.402277855012334,-7.815171532856268,1.5391618625694248,67,27,924,Hallway,Transition,Night,Low,0,None
0.6339190223180112,1.6391168054440675,10.530764119066525,0.9473991061054032,-5.8972983225389015,10.341130207529119,81,26,582,Bedroom,Lying,Afternoon,High,0,None
-2.025142586657607,1.6777008140764407,9.814273067836435,5.037219865975993,7.175436996111177,-6.989027392121486,63,23,529,Bedroom,Walking,Afternoon,High,0,None
0.18645431476942764,-0.5535882417079946,8.846060580603355,-6.274613340011462,-1.7365114447892147,6.012882526126138,70,22,121,Bathroom,Sitting,Night,High,0,None
-0.661786464768388,0.5689830791852754,9.39296368707322,0.9235523739054164,7.266377380212723,0.899571847732084,67,29,442,LivingRoom,Sitting,Afternoon,High,0,None
0.852433334796224,1.628396623128538,10.4863184569567,4.6895776875532755,-0.391153295292589,4.189152676147404,68,18,139,Hallway,Transition,Evening,High,0,None
-0.7925207384327007,-0.3791277409874871,9.905894453115234,0.06249660953625168,-9.209488864789288,-0.5099735831796599,85,29,272,Bathroom,Transition,Night,High,0,None
-0.11473644146689901,-0.20358036010236177,10.384412980472485,14.342015278333841,4.460337998658603,-4.212163150631632,61,23,538,Bedroom,Walking,Night,High,0,None
0.5049872789804571,-0.5816809139486437,11.776440584515486,-8.342996294390977,-2.949461588778039,3.75436389700666,75,23,278,Bedroom,Lying,Afternoon,High,0,None
0.8657551941701215,-1.0147567306928669,8.23575838828895,5.293642649419395,3.4934440675852176,3.2721551355281058,90,20,697,Hallway,Sitting,Morning,High,0,None
-1.2002964070557762,-0.6492775450660071,11.417212574968625,-0.8640086869823218,0.12605433770041058,4.860284828698609,65,20,232,Bathroom,Lying,Night,Medium,0,None
-0.3345012358409484,-1.2239402667622565,9.904355937523214,3.8596007741833755,-7.715591139714352,-0.06652317689317655,112,20,450,Bathroom,Walking,Afternoon,Medium,1,Severe
-0.4749453111609562,0.03408346825922607,8.901215951676873,2.206535758496229,0.8214738268528453,-2.9991101165992466,80,20,624,Hallway,Sitting,Afternoon,High,1,Moderate
-0.6533292325737119,-0.7699732310586418,8.469686374261011,-3.6657809855499828,10.981115710763996,-7.793934975119208,85,24,639,Hallway,Sitting,Morning,Medium,0,None
1.7654542402810969,0.2337859117907477,9.610879609222968,1.1449819622967012,2.4649322925722963,4.096866340697032,118,27,605,Bathroom,Standing,Night,Medium,1,Severe
0.40498171096095553,-1.5558956462036273,10.72165011192446,-9.289507256991437,-0.2875887650273156,2.1194474122199303,78,28,183,Bedroom,Walking,Morning,High,0,None
-1.2608839543350452,0.33088023221445706,9.672450879622467,3.016237502856969,5.376717009784489,-4.828913164319796,87,19,563,LivingRoom,Walking,Evening,High,0,None
0.9178619470547761,0.8335289616089246,11.311154930247348,1.4907923299526282,1.053342326015554,-2.692868366483121,67,27,929,Bedroom,Standing,Morning,Medium,0,None
2.1221561970126332,-1.9937356425714554,8.348824309948442,3.193300843215512,1.0476711513139716,-2.333794059757203,73,27,960,Hallway,Lying,Morning,High,0,None
1.0324652605511468,0.37405656984757213,9.787911052153946,5.290591625435751,-5.458125860795513,-7.4149221599120905,83,19,442,Bathroom,Standing,Afternoon,High,0,None
-1.5193699659540134,1.2276689924732922,8.547606555586881,1.8380992010485544,1.169240128947992,-4.088411983025669,107,20,379,Bathroom,Walking,Morning,High,0,None
-0.48423407286625136,-1.2096410186912054,10.16363188262497,0.740447098991381,5.177217082084724,-5.6691517840317704,103,27,965,LivingRoom,Lying,Evening,High,0,None
1.2669111491866227,1.6725723868377034,10.6868873900973,-4.405341683306461,-4.180310760500124,-2.0623950594396834,96,29,362,Bathroom,Sitting,Afternoon,Medium,0,None
-0.7076694656187807,0.4190190093660452,9.379238206318947,-3.561103818245255,7.122479106234739,-3.6934874916478138,115,24,265,LivingRoom,Standing,Evening,Low,0,None
0.44381942814622843,-0.7050118557584089,7.1957861433728665,5.933673100886655,-0.4585301207256299,-8.135024604333744,85,20,392,Bedroom,Lying,Morning,Medium,0,None
0.7746340534293368,-0.05576907765770601,9.998948146796495,7.181677028529893,-4.438847557692704,10.112951152847407,90,24,608,Bedroom,Lying,Evening,Low,0,None
-0.926930471578083,0.5583269125217224,10.23673855173351,-1.1905521815602702,4.988160384601223,6.2627036551461535,115,26,679,Bathroom,Lying,Evening,Low,0,None
-0.05952535606180008,0.0760053914124115,10.204294754961698,0.23001373626637062,-1.4339711786913465,-3.895097107599928,110,28,325,Bathroom,Standing,Morning,Low,0,None
-3.2412673400690726,0.5387559924463692,11.035782191822154,-4.523071874968831,3.7975744374305394,1.3621069832680495,91,27,269,Hallway,Sitting,Morning,Medium,0,None
-1.0243876413342898,-0.9206735930793662,8.728946320350952,5.863784226337224,-1.4587931612926859,2.087325449106475,109,29,697,Hallway,Lying,Afternoon,Medium,0,None
-0.2525681513931603,0.169360824036078,10.48021610545045,3.3270841184588935,-0.2991307176495185,5.955429273867384,100,28,744,Bathroom,Standing,Afternoon,Medium,0,None
-1.2477831819648495,-1.4137144969049802,10.992507512477976,9.706087182318745,2.467801021671458,-4.093025133300393,61,21,547,Bathroom,Walking,Night,Medium,0,None
1.6324113039316352,-0.11122606134870032,8.021412415993485,-4.391615385898694,1.4544852879500294,5.46053391991213,84,24,789,Bedroom,Standing,Afternoon,Medium,0,None
-1.4301413779606327,-0.9039076414647897,10.119651825918979,-1.890039495091086,-9.977658902258693,-2.7395265210346755,111,26,954,Bathroom,Standing,Morning,Low,0,None
-0.44004448669698376,-0.7355299425897666,9.295820168992329,1.1572296126278616,-5.606218700471959,-6.679312020843067,103,25,601,Hallway,Standing,Evening,Medium,0,None
0.13074057728609134,1.2360931752104374,9.718477326898356,3.232447688628853,4.647049923954078,3.6206827965724866,61,25,863,Bedroom,Lying,Evening,Low,0,None
1.4412732890661155,1.091310120594269,10.147676483538337,-1.0783381877381617,-0.6606829445077362,6.453792120612141,101,26,626,LivingRoom,Standing,Afternoon,Medium,0,None
-1.4358621511794394,0.609138120907177,9.312771435886448,-4.364805452268502,-2.618656513857109,12.939544867653423,60,22,834,Hallway,Walking,Afternoon,Medium,0,None
1.1631637521549596,-1.092312764672579,9.124291920838388,4.407037644617856,-6.792870076287372,-5.998626325451068,95,22,478,Hallway,Lying,Morning,High,0,None
0.010233061019587049,-0.3164084496948019,9.834152417488026,3.605676812727908,-5.398681606379242,3.494598425403944,116,20,300,Bedroom,Walking,Evening,Low,0,None
-0.9815086510479509,1.2130976999791834,8.712754061137199,-4.581370502818625,-10.108993199809737,-2.049006218967665,71,22,718,LivingRoom,Transition,Night,Medium,0,None
0.46210347426327075,0.14171691363990474,8.714174871114816,6.777214005527479,-0.5064035935076644,3.9167935526201565,68,25,349,Hallway,Standing,Night,Medium,0,None
0.19905969557347003,2.319329539981694,10.479373282956503,5.850993545983019,-2.9921879029052345,-7.352447756156253,95,29,508,Bathroom,Lying,Afternoon,Medium,0,None
-0.6002168771587947,0.39331783939437187,8.651205964841346,0.6714824862389644,-4.832939454926576,-6.31384887849282,100,22,700,Hallway,Lying,Night,High,0,None
0.06980208499001891,0.1920491164900316,10.466312500909213,0.39798931188018194,-0.3406171258397655,-3.879374115832419,87,21,224,Bedroom,Standing,Morning,Low,0,None
-0.3853135968617602,-0.3091164642025014,10.262591292853951,2.770288855579536,1.8198531542636907,0.3948202283404226,97,25,212,Bedroom,Sitting,Night,Medium,0,None
0.11351734525124804,0.1335409047822823,8.074193271209404,-4.308515351281291,10.465989661049724,-3.205406332691777,92,24,236,Bedroom,Sitting,Afternoon,Medium,0,None
0.6621306745210467,-0.1524698363805439,9.122435347664346,0.15015739582041085,-7.559417097816068,3.2952717195670984,101,23,858,Hallway,Walking,Morning,Medium,0,None
1.586016816145352,0.7081086766885905,10.994109403047373,-10.7619177230459,5.79690521650261,5.134473091289572,105,22,595,LivingRoom,Standing,Evening,High,0,None
-1.237815498826849,0.9567023167945841,8.818834468860318,4.382278227514678,4.86550780507536,2.997887706226779,81,22,777,Bathroom,Standing,Morning,Medium,1,Mild
2.1330333746562666,-0.7859894605079495,9.335595737690612,-7.807466112209297,-3.895463696883503,8.09393819830434,84,27,249,Bedroom,Transition,Afternoon,Low,0,None
-1.9520877995225019,-1.331232953557778,10.262060893251897,7.517099142144995,1.0161797729301552,2.079133147276715,77,19,974,LivingRoom,Sitting,Afternoon,Low,0,None
-0.15178509503558332,-1.8362053731032966,10.583390509282596,-1.6506004698322516,-2.288166246688076,-6.084483551700836,65,21,442,Bathroom,Sitting,Night,Low,0,None
0.5883172064845765,0.5079913269125437,9.548461113955504,-1.0583349096558845,0.9284429020936946,6.816882567691699,77,25,679,Bedroom,Standing,Night,Low,0,None
0.28099186773503265,-1.1033666061738736,9.202489805308359,-3.1386695304225283,7.545655067022753,-3.025781178029987,111,25,832,Bathroom,Walking,Evening,Medium,1,Mild
-0.6226995198205938,-2.152890592952483,11.222369861698509,-1.4401943696103818,3.028031163156565,4.55209249842785,75,28,882,Bathroom,Standing,Evening,High,0,None
-0.20812225035727522,0.3885786045309641,11.53889966379758,7.0926567257401825,2.54304186616721,7.868671082775531,74,18,420,LivingRoom,Walking,Afternoon,High,0,None
-0.4930009346588328,2.4929995174327906,10.778858050781796,-12.439043282675398,-2.151546599773212,2.283440053651996,107,19,921,Bathroom,Sitting,Afternoon,High,0,None
-0.5893647569442115,-0.006070911539893324,9.885318142565025,6.384826930440939,-7.420283324621676,-7.480794065823249,67,22,960,Bedroom,Transition,Afternoon,Medium,0,None
0.8496020970210246,0.8384907744516419,8.991734278359074,1.6901174055085408,-1.0423410527020396,-4.5910608325489575,72,26,631,LivingRoom,Lying,Evening,High,0,None
0.35701548596504734,0.08182935854756501,8.969555593443435,-6.035108239286078,6.033040774319575,6.6137223344256775,114,27,388,Hallway,Sitting,Afternoon,Low,0,None
-0.6929095952606542,-0.09888965319114267,10.322514105265759,-5.376561965246189,-7.635839282948238,-0.8456134282140819,102,28,588,Hallway,Walking,Evening,Medium,0,None
0.8995998754332507,0.9190764829877686,10.218398220888684,8.381965136041016,-5.275446840883475,0.3978676747108292,119,29,591,LivingRoom,Standing,Afternoon,High,0,None
0.30729952087660933,-0.29027454418865134,11.20159859294643,-4.727534399713656,0.6313386811703409,3.7941220808180462,116,28,711,Hallway,Sitting,Morning,Low,0,None
0.8128621188389601,0.26739231407190295,10.45045009253614,-5.766752552979797,-4.923273924236312,3.4816143104016173,66,24,351,Bathroom,Transition,Morning,Low,1,Mild
0.6296288419236122,0.3216978061960136,8.296919698240183,5.686572711823646,-3.962617235576063,1.3939990619273035,76,27,176,Bedroom,Walking,Afternoon,Medium,0,None
-0.8289950109220723,-0.6680904536430488,10.851947617722919,1.6927643814295712,-2.1179929086408853,-1.043341856102329,109,22,746,Bathroom,Standing,Morning,Medium,0,None
-0.5601810401969696,0.9920423495365228,8.801939372685588,-4.689627882681994,-6.828087020950747,-1.5633422286617864,91,18,491,LivingRoom,Lying,Evening,High,0,None
0.7472936051232618,-0.17495975669540864,9.41602872804765,1.083124877023095,-4.870609231081842,4.289494126456715,81,23,511,Bedroom,Walking,Night,High,0,None
0.6103702654334648,-0.7557451594928447,10.050200206251695,-5.128763418201387,3.517139583936544,2.7678476553389664,114,29,272,LivingRoom,Standing,Morning,High,0,None
-0.020901593964148132,0.5365098435704035,11.795667489783964,5.504106992113026,-6.53684891115482,-1.2865000030889482,110,25,974,LivingRoom,Lying,Night,Medium,0,None
0.117327383308782,-0.8984679817910373,12.909918556005362,5.306854824365668,-7.989360672474188,5.410561564965704,116,24,300,LivingRoom,Standing,Morning,High,0,None
1.277664895788425,0.028181157369128247,10.406723059136183,2.6600309941097153,-3.150124897669472,-0.6451705756489189,72,19,316,Bathroom,Lying,Evening,High,0,None
-0.5915713888358299,-0.009118996644203544,9.616803381279613,1.808305306235083,3.659777512549229,-4.258310871671966,106,29,475,Bedroom,Lying,Morning,Low,0,None
0.5470973811700379,1.085895565831578,10.334505648480551,8.805940624336868,-0.9846090399844477,-3.794853494516724,82,22,819,Bedroom,Lying,Morning,Low,0,None
-0.20219265243389406,0.4746982328799528,10.687655425873837,-0.0015683630588735605,-2.3229053905780916,-4.893704181548831,113,28,685,Bedroom,Standing,Afternoon,Low,0,None
-0.2176812032272203,-0.025026958745143917,9.479332374442809,-5.909370627104006,0.22179398757803526,-1.3620500830184359,88,21,110,Bathroom,Lying,Night,High,0,None
1.09877685198719,0.8177662992002871,11.595211355912323,2.2473695641615343,-8.72853716429826,6.168621391680965,81,26,898,Hallway,Walking,Night,Medium,0,None
0.8254163489880298,1.3902075490173134,10.030070759191403,10.43023524768557,2.473528268875162,-4.025475905152544,60,27,867,Bathroom,Transition,Evening,Low,0,None
0.8135096360006385,0.5578103063518622,10.297743089091394,-5.07379746592926,1.9171751570182207,0.9423788050905145,88,18,111,Bathroom,Transition,Evening,Medium,0,None
1.305478807154329,0.010352619843380607,10.465924252054462,-1.8073138334699288,-2.046542370478606,-3.283446728137066,107,29,991,LivingRoom,Lying,Night,High,0,None
0.02100384163275905,-1.3118362323501596,10.221586610614457,2.0822301905072633,5.0296225589820835,-1.3015452063571877,64,23,689,Bedroom,Transition,Afternoon,High,0,None
0.6819529712949639,-1.0651136630753726,10.638940500469612,-0.26952424502869576,-5.637480494765193,-7.550206059926261,117,20,534,Bedroom,Transition,Afternoon,Low,0,None
-0.31026675659345604,-0.30522470435466764,9.182746813453077,-4.9115179018865724,5.639544966267845,-1.102691145782687,94,28,783,Hallway,Lying,Night,Medium,0,None
0.3241663524884421,-0.6095122021592831,9.24169824605397,5.609289281152354,0.7724683279762556,-0.9685268990248103,114,26,707,Hallway,Lying,Morning,Low,0,None
-0.13014305436768459,-0.186971302985446,8.699845767028306,11.600203610086297,-1.682762949390867,2.7014397201784766,69,22,917,LivingRoom,Walking,Night,High,0,None
0.09699596499271819,0.056649924897107164,10.239501230620228,0.9806572951195367,-0.09936817684155785,1.1164045662768527,78,23,472,Bedroom,Sitting,Morning,Medium,0,None
0.5951570254369136,0.5296927543567308,10.578936503512114,-4.520341448680002,-0.5363238290547088,-5.991960624760226,96,28,372,Hallway,Standing,Night,Low,0,None
-0.8182206832334725,-0.07049877805909122,10.257772866151887,-7.744802625267376,6.101414482088585,5.420991220217713,66,26,996,Hallway,Lying,Morning,High,1,Moderate
2.0923872756854602,0.4865016438262019,11.474492433347539,1.2898799061059043,-5.3833956373550675,1.0515152011099769,105,26,790,Bedroom,Lying,Afternoon,Low,0,None
-1.006017381499702,0.06447441481012024,9.794403981170953,5.519386716581288,-3.8125961957329912,0.9919675858874334,94,25,675,Bathroom,Transition,Night,Medium,0,None
-1.2141886127877322,-1.9754665663538713,10.468741655592513,2.3758387324769084,5.181514460362399,-0.04591176692569469,104,26,608,Hallway,Walking,Evening,Medium,0,None
1.1581108735000678,-0.9393353938187543,8.708299123860687,-0.012019204594269221,-2.977674675919296,-2.5887872361110986,72,21,231,Bedroom,Transition,Morning,Medium,1,Mild
0.7916626939629359,-0.14408755572161547,9.4129002975256,-2.946358258946531,4.502665386657958,1.0890116987436305,69,23,954,Hallway,Lying,Afternoon,Medium,0,None
0.6241198170521551,-1.2096947428411076,10.495537757565778,-5.4608181635904485,8.497179915043548,2.377942179642912,61,22,883,LivingRoom,Lying,Evening,Medium,0,None
0.6283455092642799,0.5999287299962045,10.649102110743145,4.173756631624411,-2.008975134708168,-8.734478456727775,65,22,418,Hallway,Transition,Afternoon,Low,0,None
-0.012246772846914623,1.5307508323436974,9.506033052335818,4.568858106927928,3.406811632876527,-2.6938041867304783,67,21,943,Bedroom,Lying,Morning,Low,1,Mild
-0.8972543714858315,1.2187618516973167,9.728400748141933,-7.728648933453666,-5.768461406699292,-1.2747348520179467,95,19,952,Hallway,Sitting,Night,Low,0,None
0.07580455819372633,-0.213442870930208,8.282126253319191,7.949194890903419,3.773666490339046,1.2808530284713906,84,29,720,LivingRoom,Standing,Afternoon,Low,1,Moderate
-0.6771617115121117,1.490726136849952,9.442970799193391,2.8703561044700066,0.9971199299338356,5.96655502963563,103,23,884,LivingRoom,Standing,Night,High,0,None
0.9751197334177512,0.14866745720211155,10.690383163519787,6.997973225728967,2.365191410801076,-3.8587040729839117,119,26,267,Hallway,Standing,Night,High,0,None
-0.14705738150213865,-0.33708597111803934,10.375205016106566,-6.710638742425576,-3.227860360176975,-2.48980923408921,106,29,496,Hallway,Sitting,Afternoon,Low,1,Mild
-0.8254971967925115,-0.6134026635409398,10.300665721381211,-6.829120777077194,-8.305417077835862,-2.5626705532327505,99,18,279,LivingRoom,Lying,Afternoon,High,1,Moderate
-0.32138584165299344,-0.30246968648812833,9.84977368718096,-0.7448465488364846,2.516260323747524,-4.0076379505227075,66,24,157,LivingRoom,Transition,Afternoon,High,0,None
0.41293145427562433,-0.38817681854122876,9.807063158628177,2.513922134475971,-10.317015762397272,-1.7359324755613124,105,23,579,Bathroom,Walking,Night,Medium,0,None
-0.5637245528039747,0.1704162223754877,9.139678860526553,8.981804114634818,-1.586752461212674,3.854011099939856,82,20,690,Bathroom,Lying,Evening,Low,0,None
-0.8222203955664315,0.1605739810498646,10.498828420202535,3.530394569075658,4.705909332099848,-5.269177476821728,78,18,559,LivingRoom,Sitting,Morning,High,1,Mild
0.2436872114919123,0.0030460201534144695,10.220972944389391,-1.2134063840601668,0.9594886793651803,2.139071975764516,105,21,160,Hallway,Sitting,Evening,High,0,None
0.24496657110872277,0.43693816974634986,10.2920188479928,-5.131846038329461,9.741713223949066,-8.509511150091678,81,26,468,Bedroom,Standing,Night,Low,0,None
-0.5069431753711298,1.1906462747863413,9.27396515733242,6.15000286359575,5.125545762908867,-2.80668998221103,72,19,220,Hallway,Lying,Afternoon,Medium,1,Mild
-0.4710383056183228,0.9495541354413237,7.646657080128756,-4.823527128753574,-3.2694919416278823,-1.6474465010899304,80,20,818,Hallway,Standing,Afternoon,Low,0,None
0.2320499373576363,-1.4848979684499035,10.897152711753696,8.142342773861609,0.13656689925719334,8.374298364570324,60,19,645,Bathroom,Walking,Morning,Medium,0,None
-1.4480843414973241,-2.553921134901955,9.321162543991596,-1.4219232480325465,-0.23685351272217975,-1.37401152376344,118,19,681,Bathroom,Standing,Morning,High,0,None
-1.4074637743765552,0.9343199112392737,8.93722423595688,7.952910363089252,-7.910883816730636,-11.006217367254592,78,27,116,Bathroom,Walking,Evening,Medium,0,None
-0.718444221252436,-1.366878698415421,10.493478911913995,3.3946564502963916,-4.701994582421766,-9.994444534306249,119,28,595,LivingRoom,Sitting,Evening,Medium,0,None
-0.21344715171184725,-0.22476540189268354,9.40798736008087,-0.6849774472122914,-2.8038045348993013,0.17014793173340495,92,28,596,LivingRoom,Standing,Morning,Low,0,None
0.3109075655980046,-1.1701130260593595,10.859936384046623,-2.5969818591306333,-10.181102514279683,3.0688542789495434,63,25,604,Hallway,Standing,Night,High,0,None
1.475356216949552,-1.8019804375800197,10.417005949576698,-1.704539386730399,0.23746734125821478,1.877279288136264,101,20,631,Hallway,Transition,Evening,Low,0,None
0.8576596232020194,0.541462728204788,10.483569323200479,2.1415834618761878,-1.2453592232652035,0.8378505290049515,62,24,414,Bedroom,Sitting,Afternoon,Low,0,None
-0.1599385299634271,0.7591551603026468,8.434044288799466,0.3857824810885837,-8.364469506557871,5.811297987528334,86,25,168,Hallway,Transition,Afternoon,High,0,None
-0.01901620790268883,-0.5765104007267194,11.0119439853864,-2.9690570403435257,2.0210643263866603,-2.697956103685658,111,20,826,Hallway,Walking,Night,Low,0,None
-1.0025293646378088,-2.59104229214491,10.061250531233856,-0.8281570515881611,3.5793637234547977,4.474552780134126,100,19,260,Bathroom,Walking,Morning,Low,0,None
-0.01851313599238993,-0.5462444482524828,9.430722860753798,0.392885148595749,1.1351723943244445,-8.160074425132088,94,25,713,Bathroom,Sitting,Evening,Medium,0,None
-0.2886586389201383,0.3918040054025465,9.943388467342253,-10.64367047207406,-1.620340876044851,-4.524739164690331,87,20,987,Bathroom,Walking,Afternoon,Low,0,None
0.3227185603380895,-1.4789115687741288,8.023764767101682,2.2908405739434934,2.9572107587592744,-9.035206974659081,65,24,817,Bathroom,Sitting,Morning,High,0,None
-0.827230943552323,0.18335991977915564,10.208652811480672,-4.898606123584034,3.4011018023834554,-1.3742265033489611,65,29,244,Bathroom,Walking,Evening,Low,0,None
0.5193465142411723,-0.015309849172995557,8.770628491817929,-5.766662016028725,1.537017848598442,-0.23130608633171268,114,18,668,Bedroom,Lying,Night,Medium,0,None
1.5327389130025777,0.5792914996010884,8.447329714156467,-8.43672173555355,-4.123061252173804,0.5705074611325995,116,29,694,Bedroom,Standing,Afternoon,Low,0,None
-0.1087601484568576,0.11958036841415326,8.27764081378211,-8.96946248933945,1.3830038275559033,0.30941676443567606,103,23,484,Bedroom,Lying,Night,Low,0,None
0.40171172209894146,-0.9730689408815555,10.912688374989926,-6.777237515561446,5.9774032541273945,-4.63776665405864,82,29,368,Bathroom,Sitting,Night,Low,0,None
0.6901439917111125,1.1965715016644913,9.170736606307212,-3.545104788152452,-2.983145293058651,-0.9512042220660784,92,29,553,LivingRoom,Sitting,Night,Medium,0,None
-0.40122047188583626,-0.15852957302697002,11.3337277099165,9.76629568763284,10.489696695662156,-7.487233343028743,75,26,798,Bathroom,Lying,Evening,High,0,None
0.22409248181041677,-0.02730453950993186,9.264198536947703,-2.6293983794760196,-2.6281546699269223,6.8161448756612515,83,29,617,Bathroom,Standing,Night,High,0,None
0.01259240078179486,-0.933267959073196,8.092642042407054,0.8887505313401567,0.16203506670068107,-1.5181303644900048,64,20,964,Bedroom,Standing,Evening,Medium,0,None
0.09767609854883172,-0.4432822511915103,8.683475560051342,2.0024069325316436,-3.362427980031681,-2.444430595218456,100,24,449,Bathroom,Transition,Evening,Medium,0,None
-0.7730097838554665,-0.8848027140269009,11.035811620006939,0.6553259310792436,1.1163541796013043,7.944701642220414,101,23,209,Bedroom,Walking,Night,Low,0,None
0.024510174258942714,-0.172946059923423,9.644101822063334,-0.3872173036299682,-8.711108463176377,-6.211232667746146,72,25,582,Bathroom,Transition,Night,High,0,None
0.49799829124544975,1.7117084801423434,9.2517127035094,-5.976468817996223,-2.730208994083606,-5.6279355701598455,106,20,506,Hallway,Standing,Morning,Medium,0,None
1.4511436077950417,-1.3719011429313563,9.960018225852789,7.25463774139606,-5.4606060017428355,-5.481101624342825,71,20,749,LivingRoom,Lying,Afternoon,High,0,None
0.9592708260852069,-1.6135613978767411,10.301782736167546,9.035983218189426,0.6766917394614546,-0.3393569084974095,64,21,150,LivingRoom,Walking,Morning,Low,0,None
2.1531824575115563,1.4711703274936085,10.917398815902462,-8.413293470613429,4.972236877544537,2.1581581481879866,96,20,502,Bedroom,Lying,Afternoon,Medium,0,None
-0.7673475628880495,-0.20932367715186612,11.248499229892927,-5.1201429544318975,3.2300309355727572,3.6983773405891682,90,26,662,Hallway,Transition,Afternoon,High,0,None
0.8723206367206782,-0.6690727386599166,9.440231354210916,-1.3990517118850305,-11.858296804294461,12.859976587474844,87,28,575,LivingRoom,Sitting,Morning,High,0,None
0.18334200573835174,1.0399046873960764,8.473952313917962,-4.822688974550957,10.210348264639402,-11.24716227100382,87,21,186,Bedroom,Lying,Morning,Low,1,Mild
2.1898029332176723,-0.6056155397368641,9.386534838876724,2.5298277672793263,1.4763997031043419,3.043677945622085,89,23,167,Bathroom,Transition,Afternoon,Medium,0,None
-0.8082982853551515,1.8260097135469362,10.060280506582886,-3.641361012033065,-3.8824957024650013,-2.785652862861156,77,25,695,Bathroom,Transition,Afternoon,High,0,None
-0.8397218421807761,0.6779258713392691,8.83624107378939,10.825280339033013,0.7856395949547041,-2.932075744443867,103,28,141,Hallway,Transition,Afternoon,Low,0,None
-0.5993926454440222,-0.48791140814570266,8.842849085104957,5.9527429717179805,0.8809491125134619,-3.098860641269388,86,25,830,LivingRoom,Sitting,Evening,High,0,None
-2.123895724309807,2.1573082132655035,10.143787881549887,1.0628701531610745,-3.3342435847578185,-4.543848354039866,94,22,156,Bathroom,Sitting,Afternoon,Low,0,None
-0.525755021680761,-0.6057149230033384,9.75134764842955,5.134931316598661,0.9895833367103775,8.422624173017258,85,22,837,Bedroom,Sitting,Night,High,0,None
-0.759132661553698,0.742095372009307,9.832796995411588,5.529502121786544,-3.037361438101536,4.211486635069513,116,23,295,Bathroom,Walking,Night,High,0,None
0.15039378647620763,0.2992925804064919,9.04150466529993,-2.8197374402912163,-2.0218099634501137,0.11597989278687411,98,27,859,Bathroom,Sitting,Night,Low,0,None
0.34175597577715944,1.301741289398798,9.569599285794233,-4.081086222709824,-3.4313956787754223,6.7550787624350015,108,24,777,LivingRoom,Sitting,Morning,Medium,0,None
1.8761708392158862,1.5615111967268527,8.875766855731696,0.39071531484823724,-7.163356448698264,-7.5626448264943775,110,27,161,LivingRoom,Sitting,Morning,Low,0,None
0.9504238381860503,0.032004149065766624,10.690198411124788,4.30818062248972,0.7291823510769195,-6.653525656654631,119,24,362,Bedroom,Lying,Morning,Medium,0,None
-0.5769036556624031,-0.7534178703461835,10.835249334723754,0.6953019932670883,2.9264971825816906,-10.889838660973439,77,21,211,Hallway,Sitting,Afternoon,High,0,None
-0.898414671348358,0.4599721429391164,7.953812137761907,-7.884982410954986,2.5744179803818614,-3.4970727006164375,92,23,864,Hallway,Walking,Night,High,0,None
0.4919191715065057,-0.6777153697521061,8.87048913980759,-4.014122219754212,4.099626263176171,0.8084926335237645,84,24,810,Bathroom,Transition,Afternoon,Low,0,None
-1.3202332070206422,2.013387247526623,8.303470744909921,-0.3698643179718902,1.621701050074341,0.5142928896616704,115,22,277,Bedroom,Lying,Evening,Low,0,None
1.8314587658543537,0.13653533108273744,9.149976065593103,-0.3783280216291513,-2.6636274910845175,0.7467095552994023,90,22,125,Hallway,Standing,Evening,Medium,0,None
1.179440120721287,-0.3653215513121087,9.71656203020964,9.86271088394904,4.198319322155944,-7.055284155330409,96,19,509,Hallway,Sitting,Morning,Medium,1,Severe
-0.4691756521047048,0.1846803058649084,8.35035478030147,-6.92993971199499,-6.787587699209675,4.01577371307011,118,24,857,Bathroom,Transition,Evening,Medium,0,None
-1.7131345290908775,-1.3471262895296965,8.878140186874688,2.527946209179373,-4.503356912562401,1.1981375911949896,119,29,630,Bedroom,Transition,Night,Low,1,Mild
1.3538723741654128,-0.9716140385106515,8.796042627918503,7.445565541641448,-4.821000357116223,3.6652714073299926,61,23,876,Hallway,Lying,Evening,High,0,None
-0.11453984525261789,1.2004139079444254,10.007267329398944,11.35724872711398,5.400280295696551,-9.46381088795026,92,28,416,LivingRoom,Standing,Morning,Low,0,None
1.2378163119734618,-0.6568942789713957,9.869344337036251,-2.0219871159198064,4.713942570700378,1.5574542939889493,98,18,631,LivingRoom,Walking,Afternoon,High,0,None
-1.594427658794367,-1.0469109826819396,9.078262446662748,2.4571472636009988,2.436526185224974,-5.938826199587634,102,21,205,Bathroom,Transition,Evening,Low,0,None
-0.5993750229537729,0.5366527525272862,9.976820872139399,2.848801785993235,5.359649326058986,-1.9866162627568094,102,20,848,Bathroom,Transition,Night,Low,0,None
0.005243699718183166,1.185704154662997,9.253319915412735,0.9774086577664541,-4.39641391205994,2.6718244931819166,91,29,917,Bathroom,Transition,Night,Medium,0,None
0.046980593764742055,0.7189533106650667,9.528344889673948,-0.4942260061965303,1.742975599304902,0.45546803127956587,77,20,563,Bathroom,Transition,Night,High,0,None
-0.45006547147924364,0.9960476858058164,11.473452090298538,2.1798769475002295,-0.6258721419158211,-4.257699898896594,76,24,345,Hallway,Lying,Afternoon,Low,0,None
0.6228499323474987,-0.7567950885694608,11.140461051790348,-12.661230426098427,4.23441051942457,0.03136578092209143,93,28,180,Bedroom,Standing,Night,Low,0,None
-1.0676204293825944,-1.4218106667418438,8.500418763072403,3.4103474503131563,-0.5761211627609879,-7.657676576218215,98,29,761,Bathroom,Transition,Morning,High,0,None
-0.1423794850212935,1.5013336519554867,10.629732417879175,0.630889518309836,-1.9247144420504059,5.75133697949148,66,27,495,Bathroom,Walking,Morning,Low,0,None
0.12029563171189886,-0.32267983884213575,10.611396554491593,-1.112374483891327,2.70454259280495,-1.0264200974812563,101,21,621,Hallway,Walking,Night,High,0,None
0.514438834058749,-0.25083301645504735,8.651736711247382,10.23431097859779,4.380845835956164,5.59274972127663,113,29,932,Bathroom,Sitting,Evening,Medium,1,Mild
0.7116148780888898,1.328194141849058,10.61877764375486,-3.374670093952761,-3.3417259742340084,-2.632658435480215,112,25,835,Bathroom,Transition,Night,Medium,0,None
-1.1246420918378692,0.5562300094006599,11.337931918412554,-2.015379945325154,-0.3053783567618805,-2.6178799420329146,94,28,363,Bedroom,Transition,Morning,High,0,None
-1.5341141707356223,0.45588777208160763,8.677455193755588,9.95776651102367,-5.292203168208264,-3.8209339331892322,89,26,760,LivingRoom,Transition,Morning,Medium,0,None
1.277676821898509,2.165002344901084,8.882497178985737,-4.160306524249283,-12.490305087464698,4.380869658465377,71,20,889,Bathroom,Transition,Morning,High,0,None
0.33231401197959165,-0.643518230380143,10.817661466843504,-2.7505764146826945,1.002298157068645,-3.5471557866423793,94,22,373,Hallway,Transition,Evening,Low,0,None
-0.7484865365565536,0.9278401280812372,10.071495310825648,-0.7351271171542499,3.04452678127316,3.2229771620758823,70,21,805,Bedroom,Walking,Evening,Low,1,Mild
1.551151975522523,0.0570131248970845,10.351476275239524,4.203672410647746,1.3103340454336276,-1.9122619883464511,103,29,271,Hallway,Standing,Evening,High,0,None
0.11567463429285867,0.26859227886325693,10.140589216400498,1.039012536766567,-9.747808588771836,-9.879816499458098,116,27,364,Bedroom,Standing,Morning,Low,0,None
1.1792971840638264,1.5284684264125317,10.190695920928144,-6.463126735761313,-1.7542471503823729,-2.8515703389323304,63,23,921,Bedroom,Sitting,Afternoon,Medium,0,None
0.06751848141010895,0.5078357562896237,8.473527871688917,-2.660842815635948,-11.091738800255406,-5.895541071814241,84,28,125,Bathroom,Walking,Night,Low,0,None
2.060747924881987,0.538296079049633,10.84731770662145,-3.036772166061057,6.848505538270924,0.16951361841168755,107,27,568,Bathroom,Transition,Night,Low,1,Mild
1.7553408424432044,1.0725073373098022,10.969589992427775,-0.38610522611522785,-5.43027291059043,-5.9520386783724515,91,21,961,Bathroom,Standing,Morning,High,0,None
-0.2489641484790735,-0.3649527295428853,9.570609255931974,2.1292182931491457,6.277018047299482,4.629875503573084,79,25,575,LivingRoom,Lying,Evening,Medium,0,None
0.9715709509543554,-0.8392096673390064,9.756523050186138,2.0910287794398603,4.7293482184207285,-0.45537930176513614,109,20,455,LivingRoom,Lying,Afternoon,Low,0,None
0.6453759495851475,-1.0448091940210336,8.268892497444279,-8.88005877024201,-4.502951762680309,-0.8879799737936949,90,28,125,Hallway,Lying,Afternoon,Low,0,None
1.3686315575323487,-1.9663565893760018,10.314254756017835,5.31970493780428,-5.663924756338725,3.279460688937913,63,22,133,Bathroom,Transition,Evening,High,0,None
-0.9649234605801045,2.056207129940322,10.372057441714144,1.2628442299831175,1.7518510819316913,4.819534670379312,113,18,363,LivingRoom,Transition,Night,High,0,None
0.6860514599984393,-1.1032083657216831,9.73780898300069,6.922660237969531,-4.221620185915355,-0.10049375884825823,97,23,237,Bathroom,Sitting,Night,Medium,0,None
1.0584244868495878,-0.221253623585772,10.924353359870503,2.2209916364533595,0.5124232107910377,-3.856001497746453,112,28,915,LivingRoom,Sitting,Afternoon,Low,0,None
-1.7587394864231143,-0.27681329988892067,9.465922769020061,5.506614788678811,-2.4141379540345915,-8.869848080560647,106,22,794,LivingRoom,Sitting,Afternoon,High,0,None
-1.183258512665775,0.30740669780910074,10.364605925893601,2.3327265572506346,-8.905792072328166,-3.4302487851759,60,25,974,Bedroom,Lying,Evening,High,0,None
-2.0392321777601006,0.8157372125392968,8.780335661307886,6.731128781013741,-11.152340095622295,-3.086061233239808,62,26,853,Bathroom,Transition,Night,High,1,Severe
-0.26940683444455776,0.8604734883597454,9.776447849125763,2.6112531800888927,1.133421242472986,0.5352872649614838,96,25,665,Bathroom,Lying,Afternoon,Medium,0,None
0.7175422557959623,-0.5830774385689385,9.625645742097165,-0.4895762322145203,-2.807788731653127,-1.7257344056901358,81,25,561,LivingRoom,Sitting,Night,High,0,None
1.502357052096028,-0.1671217137864115,10.025307922040943,11.362173602234408,-2.7654490845706614,3.4396648602571407,76,29,267,Bathroom,Transition,Afternoon,Medium,0,None
0.07409478041977519,0.28257995048829965,9.430473071166642,4.44518561139946,3.4793191954689267,-3.0649163563534474,73,20,730,LivingRoom,Walking,Evening,Medium,1,Mild
1.6286155455712918,-0.24869112618354708,9.668527404328334,2.8687221050220657,5.867211383162224,-0.2852058342647088,100,21,754,Bathroom,Standing,Night,Low,0,None
-1.3801014582148914,1.6073455760199926,10.626047171441506,-6.38152208269168,-1.362723606809046,5.919937215984446,94,28,180,Bedroom,Standing,Afternoon,Low,0,None
-1.7033824393551547,0.49097495163825133,9.363235762761784,-6.441538087317689,-1.7029935345493075,1.7091260697748325,117,21,856,Bathroom,Sitting,Afternoon,Medium,0,None
-0.05554769889661878,0.7348777860498175,8.193422899261321,1.463577410709267,2.5007151655694186,-0.30018770844282255,72,28,963,Bedroom,Lying,Afternoon,Low,0,None
0.3840654489393073,0.6628812686674127,11.549583904205422,0.727605988841204,-6.784677848497877,-3.009722209675885,94,22,969,Hallway,Walking,Afternoon,Low,0,None
-0.03269474809409311,1.173473857485325,11.181454078690487,-3.070612825041581,1.115765273738485,-3.1661569835748855,102,26,506,Bathroom,Transition,Evening,High,1,Severe
-2.0674421000398766,0.18102155870370695,8.507737304894382,0.7049134980603,2.75942985911077,-4.253066264759739,61,29,673,Bathroom,Lying,Night,Low,0,None
-0.08912003951278841,-1.2968319479558466,10.489707805245196,7.943134640217979,3.401151042088146,-2.705034328914497,115,26,145,Bathroom,Sitting,Night,Medium,0,None
-1.3044695005048532,0.3996879517526416,9.297025229448657,3.4770123727514934,-9.683763512512325,3.778329193721573,106,27,698,Bedroom,Lying,Morning,Low,0,None
0.6696725488300385,-0.651356893791829,10.06348721533106,-5.705042548763691,-3.806776349044703,-1.1094413564613435,72,29,710,Bathroom,Sitting,Night,High,0,None
0.36659824609684827,-0.5286166817497568,10.094224129013494,-0.5575441357147185,-4.391316264117333,-6.748865346906156,110,18,906,Bathroom,Standing,Morning,Medium,0,None
-0.9398797863273552,0.5863640187550933,9.565592199683678,-4.0248324042628045,0.4994347720460649,8.840846465298917,113,25,152,LivingRoom,Standing,Afternoon,Low,0,None
-0.5138669173366935,1.2382830714336357,9.016234334413603,-1.9384995820428057,2.40372289883992,1.5998259557258152,75,18,803,Hallway,Lying,Evening,Medium,0,None
-1.0592135218889516,0.02127157673606165,9.109458947683741,-2.068078328148214,7.483552037229907,-7.034717002565847,77,19,575,Bedroom,Walking,Evening,Low,0,None
-0.06267909727317188,0.3088330125989638,8.883808084518758,-2.388227913020026,-2.4748274018403653,-2.209244636204119,66,24,691,LivingRoom,Transition,Afternoon,High,0,None
0.9551423205012383,1.702214944635238,8.968177791769556,-6.275676859866975,-2.4878624915460694,0.5544319141420893,104,25,115,Bedroom,Sitting,Morning,Low,0,None
-0.9857260463355437,0.24075317948856828,9.732821709950645,-0.6382734075909506,5.748360094393735,8.522960466486886,95,18,459,LivingRoom,Transition,Afternoon,Medium,0,None
0.5040465155178444,2.601683114180395,9.08424001088925,-2.80303818423655,1.4828846926515253,-5.540562291294346,100,20,586,Hallway,Standing,Evening,Medium,0,None
-0.5302576183724408,0.5655096456315442,10.48205206571262,-14.64724345001134,6.338257555939869,4.880203596779733,89,24,937,LivingRoom,Walking,Evening,Medium,0,None
-0.7928728322623442,-1.7607627591558177,11.287246155335929,10.264860122508315,1.4436400150491815,6.9974321348617154,101,26,805,Bedroom,Walking,Night,Low,1,Mild
-0.10703035995455783,0.7533416211045325,9.219946758629957,5.44384827108336,-5.785583093566355,-3.143271525372851,100,25,601,Bathroom,Transition,Morning,Low,0,None
-1.035242322419374,0.38115838488277776,10.039404500535378,-1.8815036246249803,-6.665641773889033,-1.3875680943011672,66,25,240,Bathroom,Standing,Night,Low,1,Severe
-0.553649305347182,1.2897527540827456,10.299685110302935,0.09409524870299212,-7.757561245294645,-5.181546236868852,74,26,719,Hallway,Transition,Evening,High,0,None
-1.1978778925888485,0.6731813512699584,10.272002270919275,-5.858271736587809,3.3102591737923657,-1.0173057054015244,119,27,914,Bedroom,Lying,Evening,High,0,None
1.9647251329163893,-0.13845598398377382,9.875955267916089,8.478614389054327,5.94298411543504,-0.18294987171465582,99,20,876,Bedroom,Walking,Night,High,0,None
0.03526355197172861,-1.2242982362893657,10.542682418359723,9.486443473865558,9.246810706931905,3.2982499904118523,78,25,546,Bedroom,Walking,Night,Medium,0,None
-0.6997255079925856,-0.20902325728602528,10.282248952680657,0.783468641232623,4.215526661616201,5.450917355102234,102,18,389,Hallway,Lying,Evening,Medium,0,None
0.213979910734222,-0.8505204542093001,8.562337577672704,5.117653220926723,5.814192887674929,-3.7404803231082355,96,25,308,Bathroom,Standing,Night,Medium,0,None
-0.11232804969082982,-0.5805234498047227,10.669156064389274,0.8764338946696193,-2.9000816632684234,-9.836625321129972,61,24,574,LivingRoom,Walking,Night,Medium,0,None
-0.22096959953322298,0.5885784044206096,10.687290837266742,-6.683627194379653,-5.7820790837192835,-0.10622389638121064,101,25,512,Hallway,Sitting,Morning,Medium,0,None
0.6141667000434252,1.6699045043514062,9.03671389582142,-2.0591168448182864,4.250396662087766,1.4676876498432025,107,18,776,LivingRoom,Sitting,Evening,Low,0,None
0.7575077100473051,0.3946715298229811,9.837937835447603,0.6596398338597853,2.088403761197003,1.2470884384252083,114,23,526,Bathroom,Standing,Afternoon,Medium,0,None
-0.5305011476105275,-1.1958830620351844,10.483328992811071,-2.272738593717221,0.5372218717044628,-1.6333662375452198,72,24,953,Hallway,Lying,Morning,Low,0,None
-0.57581824064468,0.4446026682201407,9.59068618042064,-1.09326638717518,1.9368574031649493,0.6237604983196725,99,28,470,Bathroom,Transition,Afternoon,High,0,None
-0.275051697151644,1.196631486645651,10.872978047766013,-0.45699778754557224,1.6159274122910294,7.577224041761238,100,22,931,LivingRoom,Standing,Night,High,0,None
-2.301921164735585,-0.6097829043193822,12.163872494619362,-0.40439248932730654,6.419084299267807,1.9086708448125465,102,22,763,Bedroom,Transition,Night,High,0,None
-1.5151910621985523,-0.1340171666729177,9.014013967365019,0.26129245248741606,6.4749279240847795,-1.8668421250154221,102,24,389,Bedroom,Standing,Afternoon,High,0,None
1.3668742674445247,0.014688194729197093,8.418955396846226,-5.3030253319830045,2.7211017617017355,-2.500989085479979,114,28,531,LivingRoom,Sitting,Night,High,0,None
1.6449677135012837,-0.78489831308224,10.103818595604876,-3.585080745639681,4.229014362814641,-0.8492617883886533,117,20,367,Bedroom,Lying,Night,Medium,0,None
-0.24903603955637832,0.648280433843859,10.521562505126145,-6.4229213284998465,2.570312762123879,8.183699809153199,90,23,250,LivingRoom,Sitting,Morning,Medium,0,None
0.5765569630557664,-0.12094814860778157,9.569133626155232,4.889077748431002,-2.3058486601730945,-0.9165035476309864,75,24,818,Hallway,Lying,Afternoon,Medium,1,Moderate
0.3112501545435361,0.41953244390702776,11.253260663321035,-10.528234709201623,3.7828233745657003,-0.09897172260353986,101,18,354,Hallway,Transition,Morning,High,0,None
3.0788808084552377,-0.8874921778021001,8.461394200276752,5.767951716584627,-6.972475344296308,-2.4115678546815147,115,29,452,Hallway,Standing,Afternoon,High,0,None
1.1195749114345768,-0.43745830032341043,10.492918623031612,6.9317469863142165,5.269457761479416,5.4949167872098235,103,19,476,Bedroom,Walking,Morning,Low,1,Moderate
-0.12791759148076653,0.7223813578277714,9.194139179241107,-1.5109029349131071,-5.972614698830175,9.799186273723375,116,29,752,Bathroom,Walking,Evening,Medium,0,None
-0.9555404406004258,-0.372833152091767,11.519377906207298,-13.015685439136494,1.4290164339736646,2.2530652471569415,65,21,954,Bedroom,Lying,Evening,High,0,None
-1.6064463202575725,1.7269638512334051,11.792515353168119,-1.8065528098364525,-4.225769792130794,0.4138645189271287,87,25,457,Bedroom,Lying,Afternoon,High,0,None
0.2034636358672231,-0.39963618561460235,9.033343412216652,-0.3209208064440964,2.7669449153721337,0.1839141658711739,91,28,707,Bathroom,Sitting,Evening,High,0,None
-0.7563507452843033,0.22468472575188592,9.25044286409142,-5.052991099644567,-0.16962612963954438,-11.92153394392873,103,27,469,Bathroom,Walking,Morning,Low,0,None
-1.4222537095976742,0.9325908318730899,10.659587886979804,-2.576091969041214,-7.973779790816662,3.7257543214240867,69,23,326,Bathroom,Sitting,Afternoon,High,0,None
-0.6465728842425266,-1.4183657329330317,9.412869350210485,7.650975994316757,2.103498155092394,0.6708320799792177,109,18,804,Bathroom,Transition,Evening,Low,1,Moderate
-1.081548003614395,-1.7608088119807759,9.754588782067762,3.324635811508705,-2.889603884163553,2.141710253303625,77,27,402,Bedroom,Walking,Evening,Low,1,Mild
1.6871416350725648,-1.5256563145700948,9.82538842054241,-4.622820571890499,4.405733604066845,-3.557310970418524,63,22,925,LivingRoom,Transition,Afternoon,Medium,0,None
0.8816397569494505,1.262584103427182,7.880326843802345,-7.98799584797716,0.006628443672036148,-1.9222843948854582,68,24,488,Hallway,Standing,Evening,High,0,None
-0.007972641316617372,-0.5518581458924467,9.786162253905763,-1.6350865880488554,1.9771049269401908,-2.055124682515865,66,23,476,LivingRoom,Sitting,Evening,Low,1,Moderate
1.4799441388900259,2.5581992856682523,9.110272225935827,-1.0672838967521912,-4.787844775076059,5.108114920365194,109,29,217,Bedroom,Lying,Afternoon,High,0,None
0.0773683076476183,-0.5642475986573886,9.306877177600228,2.4809959368165817,-2.9466611571368095,-1.8937991830154666,67,26,104,Bathroom,Walking,Evening,Medium,0,None
-0.8612842013282637,0.18455130319703697,11.243632003468814,-2.676583562838295,-2.2931931805054226,10.413301610548988,102,25,543,Hallway,Sitting,Evening,Medium,0,None
1.5231240772696573,1.5421099525678756,8.543493105720744,2.557497876809307,4.2835124012127785,2.154312095075187,66,21,451,Hallway,Lying,Evening,Low,0,None
0.5389100436846587,2.006092888159123,10.613205186747978,9.675770200301146,8.386885439027447,-6.378413299978658,100,28,854,LivingRoom,Standing,Evening,Medium,0,None
-1.0372461543264564,2.061503576636398,9.521037069668193,4.077505112221313,-4.0258587587143815,-0.6427314662597843,99,29,632,Bedroom,Walking,Night,Medium,0,None
-0.1903386780836082,1.2083662305931424,9.520239831504167,-0.24044253665386292,5.384240723288402,-3.2583756107820783,62,22,763,Bedroom,Transition,Afternoon,Medium,0,None
-0.8756182533847572,1.0240625258114624,10.590371896051712,-0.9157523552664735,-10.84838708862851,-10.971912349100121,76,24,739,Bedroom,Standing,Night,High,0,None
-1.382799730964336,0.5925269492011831,10.140051294568892,-1.7833656708993562,-5.970947005461447,7.997354700568947,61,25,223,Hallway,Lying,Night,High,0,None
0.9261775475316414,0.7783610761666377,10.370612997219531,5.903204562260723,-4.793892280933874,3.5157127111000195,74,22,757,LivingRoom,Walking,Morning,Low,0,None
1.9094166404701305,-0.5511857163285334,10.768184660532862,-3.1365672297565146,-6.762543447203612,2.6660365894965627,105,26,376,Hallway,Walking,Night,Low,0,None
-1.3985675738191412,-0.8181988834223072,9.468691616816677,0.22611354499991282,-7.9179419489379,0.8270183014985212,88,27,921,Hallway,Standing,Night,Medium,0,None
0.5629692366905709,-0.0033744574109520514,9.18776326549225,0.2559895094054267,2.0649945606889877,-6.910087843462188,109,29,493,Bathroom,Walking,Morning,Medium,0,None
-0.6506425691218269,-0.17018462252492844,8.714849473442202,-2.5089209640576597,-1.0703384886393068,-2.4180856977771836,107,21,763,LivingRoom,Lying,Evening,Low,0,None
-0.48712538376469605,-0.4532280493272752,8.974589470021046,-6.862327739420504,1.8970269880255486,4.208903873920064,111,21,459,Bathroom,Standing,Evening,Medium,0,None
-0.5923939242388692,0.6963874474567153,12.749094425308726,1.6148725180883408,3.4523634306075652,-5.256100148912513,81,25,722,Bedroom,Transition,Night,Low,1,Mild
-0.863990769679816,0.9553052085705107,11.044679580736787,-0.30501985927691777,1.3280849658626672,-12.658846581254068,63,18,568,Hallway,Standing,Morning,High,0,None
0.04852162794482699,0.08840688629184736,8.44892563379198,2.5012023471828493,3.2888158807518684,-1.1355300389046301,116,25,727,LivingRoom,Standing,Evening,Medium,1,Mild
-0.8309501164110378,1.4775300810552618,8.477542043256431,-2.6680015321958344,-0.3476614312113469,-0.708787770137693,111,22,799,Bedroom,Transition,Morning,Medium,0,None
0.2704568257798388,-1.141689114133505,10.281866061718492,6.104106494065239,-5.934966941528723,0.6778170820735457,65,28,156,LivingRoom,Lying,Afternoon,Medium,0,None
-0.05023810944913695,-0.19365945927971812,10.347264797377967,-4.383868906059224,5.289070904103981,3.642593217572681,97,18,350,Hallway,Sitting,Afternoon,High,1,Moderate
-0.23894804686640975,-0.7168223206028049,10.348883835317364,8.560201420089463,-2.945560663905635,3.188029061156043,85,21,995,LivingRoom,Sitting,Afternoon,High,0,None
-0.9075636620415979,-1.86653661707306,9.545044206446303,-8.738182549141309,-4.67798149381213,1.293849026219608,70,19,249,Bedroom,Transition,Afternoon,Medium,0,None
-0.5767713305683327,-0.08268068584269925,9.6745457399971,2.173850322784456,-0.8895893790219909,5.977656940433547,85,21,551,Bathroom,Lying,Night,Low,0,None
0.755391225825756,-0.12174750838328353,10.127879524159358,2.3771534126331173,-4.564054596482565,-7.594848904066573,76,25,261,Hallway,Walking,Afternoon,High,0,None
0.5009171876243808,1.513449743242131,9.885893006293331,-3.9777853397044116,-2.087151909947161,2.5229090723869514,83,22,219,Bathroom,Transition,Afternoon,Medium,0,None
-0.977555244798551,0.6308116845547775,7.580699627252466,2.121969689305063,1.7202696078173325,3.132691816684712,87,18,681,Hallway,Sitting,Morning,Medium,0,None
0.09933230542922587,-1.024186824329205,9.570200369424807,6.397593348800794,1.7417086962306345,-6.197811430401198,94,24,450,Bedroom,Lying,Evening,High,0,None
0.751387123371789,1.8540925663341883,8.948593565739687,-11.084094196770323,-4.489150332128147,-7.514353043411947,90,18,198,Hallway,Standing,Morning,Low,0,None
-1.6694052811213718,1.221033695525353,9.975211418908513,2.513724037454073,-2.4385268647437233,-3.7297106323780067,72,26,266,Bathroom,Lying,Night,Medium,0,None
0.543360192379935,0.5820977034686158,12.78525900260341,-12.466354101650388,5.371665023851219,-3.3077072125764593,113,20,909,Hallway,Lying,Afternoon,Low,0,None
-0.6626237589458467,-0.22648409884983192,10.167481665474305,-4.8283240176160405,2.4820005886697056,3.7670973175121536,94,29,762,Bedroom,Sitting,Evening,Low,0,None
0.5705986685931593,-0.9594392367234797,9.486470313827603,8.145831824504725,10.375325196742708,-3.0726939184554745,75,20,937,Hallway,Sitting,Evening,High,0,None
-0.7632591565425169,-0.372206776071053,10.721801501977254,-2.90891016696027,5.900640868707638,-4.28174259140602,74,23,613,Bathroom,Walking,Afternoon,Medium,0,None
-1.804882100664519,1.088748619704186,10.282687887209214,-5.869399822044863,5.7214653427996955,-3.0581686834727955,102,27,763,Bedroom,Walking,Afternoon,Medium,0,None
-1.6275424378831627,1.884586305934609,10.220094490451842,-0.9896886449234094,-6.93934275227901,5.5931616707710585,77,23,500,Bathroom,Transition,Night,Low,0,None
0.048084946661381994,1.543243528272189,10.406850593215673,10.339531690817761,3.819301758167113,0.06521687188476066,106,28,464,Hallway,Standing,Night,High,1,Mild
0.25972250172148187,-0.4888494217862741,11.856543564829542,-9.15841123603013,-0.2655340084845532,-0.8962551267845589,96,28,676,LivingRoom,Walking,Afternoon,High,0,None
-0.9043166251044086,-1.1196174332890112,8.669111564674084,-5.256549558196722,-2.7549090176912476,-0.5500274935052574,107,23,425,Bathroom,Sitting,Afternoon,High,0,None
0.6385924587773739,0.14088624691120394,10.273632076811456,7.487158415898132,0.8400767026626426,6.460301671632614,107,18,680,Hallway,Lying,Afternoon,Low,0,None
-1.6615200622689599,-1.7684393655628516,8.873618870018463,9.288511717688662,4.726057673057418,-3.7458586330162094,108,22,732,LivingRoom,Transition,Afternoon,Low,0,None
-0.06607979864731657,0.32316771418478146,10.355512646342248,-0.5171561214514196,2.504157955021058,6.577541454700519,100,29,720,LivingRoom,Walking,Evening,Medium,0,None
-1.2110161997624567,-0.14760258629866868,8.881313488513907,-6.195263512633212,-4.3923690067103,1.052481494607518,86,23,927,Bedroom,Lying,Night,High,0,None
-0.6518361078021592,-0.46603650186824225,9.382633186394916,10.479217509045796,3.7122945679631014,-0.8020969098767385,114,25,346,LivingRoom,Lying,Afternoon,Low,0,None
0.047398671316414016,-1.5947030672667954,9.504910085762095,7.972211958745984,-3.1879377103798197,12.504502489671408,94,18,533,Bathroom,Walking,Afternoon,High,0,None
-0.8604133652839524,0.5136001065697166,10.775816719344709,3.3947349388111645,1.083415594821431,-5.278197448992982,111,22,192,Bathroom,Standing,Evening,Low,0,None
-0.38455554422982535,-0.5327008396619114,10.718454443942415,-4.0620117446871005,-1.516750337385671,-1.7684287978350302,104,20,367,LivingRoom,Standing,Morning,Medium,0,None
1.0062928092144405,-1.169916835710288,8.554282623553616,-0.24514670419018367,-1.0943312586781286,-6.1621561958200015,113,19,714,Hallway,Transition,Afternoon,High,0,None
-0.5768918695231487,-2.8722622132816493,9.85493411099985,-0.8018004052241539,3.831214875202548,4.762309852680847,94,28,723,Bathroom,Standing,Evening,Low,0,None
0.8356921120651418,-0.027514905050636255,9.090420145250828,1.6542565230778887,-5.20096859907949,8.445944668258395,87,25,420,Bathroom,Transition,Evening,High,0,None
-1.129706854657618,1.772251596669744,8.541495089324666,7.255007190656681,9.725975371384665,8.349613907023194,98,24,915,Bedroom,Sitting,Morning,Low,0,None
0.5298041779152828,1.66125921454787,9.58298294957563,4.3970852056870156,-9.105430346472481,6.119743765730023,97,27,955,Hallway,Walking,Night,Low,0,None
1.4415686206579004,-0.45709625658627184,9.491517211544181,-5.386880384923791,-2.9883384162742854,-0.9881023389798281,68,24,161,LivingRoom,Lying,Night,Low,0,None
-2.4716445001272893,-0.6022120603617805,12.226716486345524,6.882482250097689,1.851059449708705,-1.8262048874492325,71,22,399,Hallway,Transition,Night,High,0,None
-0.7968952554704768,0.46877425607502377,10.232959825360696,1.5656607000657765,2.9215708321765494,-8.355848862470324,74,29,502,Bedroom,Standing,Afternoon,Low,0,None
0.57707212718054,-0.9983854391882915,8.422382499245764,3.435328979294581,-0.5023786028585258,10.179367675908964,80,26,747,Bedroom,Transition,Night,Medium,0,None
-0.2030453860429927,0.30179189981946597,9.235225995829058,7.332704296393015,-0.28695351500771205,2.3448903907423384,111,22,666,Hallway,Transition,Afternoon,High,0,None
0.37114587337130883,0.7660802783846903,10.8213832954294,-5.557901247567756,2.0527504266380827,-2.4597845243474152,94,19,719,Bedroom,Standing,Afternoon,Medium,0,None
-0.6039851867158206,1.2269332238843076,11.888442772869926,-0.17912789353231467,-1.1553473872884015,6.640284444934838,101,20,402,Bedroom,Standing,Evening,Medium,0,None
0.08658978747289992,-0.10015407647995278,8.214016687762042,-2.6572727567960754,6.965906289674529,-4.863822583800005,92,21,869,Bedroom,Walking,Night,High,0,None
-0.15567723539207948,-0.20367375017696587,7.920075614860956,-7.8392971268272795,4.196745571158011,2.0331101711133703,110,22,352,Hallway,Lying,Night,Low,0,None
1.1677820616598074,-0.877982586756561,11.670965175371784,1.7335498880245994,4.364121755028173,-0.8631456714541734,78,20,833,Bedroom,Walking,Night,Medium,0,None
0.2544208433012131,-0.82688035403986,10.189614177370904,12.557782757922118,-4.830783616852085,3.193385699401505,114,29,577,LivingRoom,Walking,Afternoon,High,0,None
0.3376026620752022,-0.22647889190152676,8.931707268123635,-9.200388722528764,-0.39694212202851437,-0.3178676959306073,82,24,468,LivingRoom,Standing,Afternoon,Low,0,None
-0.4118769661224674,0.3673655068161781,10.334629086122437,-0.16140305524735163,-1.5023297436035186,-7.254639455556121,72,22,778,Bathroom,Standing,Night,High,0,None
-0.48760622407249354,0.9135846262332494,7.1642522609831225,3.2027146753738673,-5.028006878447329,0.3778818633501891,103,22,259,LivingRoom,Lying,Afternoon,High,0,None
-0.4325581878196209,-0.8031789506803448,9.803375506597162,0.6153910082809058,1.8008209197288347,5.244320709376811,60,23,265,Bathroom,Transition,Afternoon,High,0,None
0.39445214237829684,1.4926885689595217,10.127821172843086,-0.565640262578702,-2.6882287888990826,-0.14608202926992622,110,24,304,Hallway,Walking,Morning,Low,1,Severe
-0.42098448082026296,-0.2711236010425688,10.72427013953783,-6.496081817229121,3.2770191492511853,3.87557560794543,88,27,366,Bedroom,Lying,Morning,Medium,0,None
0.2897748568964129,-0.021367294348436157,8.786104047707463,1.1639337147008182,-5.350957814471658,-5.227647428370266,83,27,237,LivingRoom,Walking,Night,Medium,0,None
2.075400798645439,-0.7472116791478234,9.885687161403359,-3.7838198850796316,8.595203064209105,-0.1313039663492607,75,25,467,Bathroom,Transition,Night,High,0,None
0.8711247034316923,-2.4242402602729416,8.874575373940413,-10.949608524892767,-4.481663292960309,-3.122552275442887,84,26,542,Hallway,Walking,Morning,High,0,None
-0.32602353216784113,0.8840453963610497,10.055383755674319,5.972961102568654,1.0965116860021804,3.734904200523549,114,28,957,Bathroom,Sitting,Afternoon,Low,0,None
1.2012139221639448,0.7368438970924334,8.904653677636977,4.791929099210212,3.959296551940338,0.15745781130997888,82,21,859,Bedroom,Lying,Afternoon,High,0,None
-0.4080753730215514,-0.2813275571182134,9.39189916083978,0.258304884255399,-2.853202151000564,3.4503683816830626,87,22,666,LivingRoom,Standing,Evening,High,0,None
-2.038124535177854,0.06699071722487192,8.804184605209771,1.1453734410285128,4.262343217164753,5.43855213078933,106,22,820,Hallway,Walking,Night,High,0,None
-1.008086310917404,0.5159392177040995,10.451136241823658,5.371590063577807,-6.145917989002081,3.458092875606942,75,25,116,Bathroom,Lying,Night,Medium,0,None
-1.8707919210258557,-1.5625458568865427,10.658451116656666,1.121698283890413,7.260588495912802,1.3655921714682209,102,26,167,Hallway,Lying,Night,High,0,None
-0.35151348404130867,-0.5290526773462948,9.565379430042587,4.520087773806572,0.07074632482879147,-4.991061292557026,115,24,232,Bathroom,Walking,Evening,Medium,0,None
0.0184183791895517,0.7942646796218271,9.838237994960028,-1.4874110043692506,-2.982057039844398,-0.013930553334506188,97,22,799,Bathroom,Standing,Evening,Low,0,None
1.6764373122752827,-1.2542894231692494,8.351408585366457,6.559918692869733,-1.4959088621371723,-2.6654520100791657,70,20,529,Bedroom,Standing,Afternoon,Low,0,None
0.32692737376416264,0.2935579321666293,9.500323351993213,1.6039286296634194,4.044596346963597,-1.7203197835211328,62,18,407,Bedroom,Walking,Morning,Medium,0,None
-0.21910052880886424,-1.356581804623405,9.749795382958256,0.9702597180293702,-2.922276459252191,-1.8726707537512544,74,28,749,Bathroom,Lying,Morning,Medium,0,None
0.8294055811834892,0.46642998243352635,12.420793091029976,-6.35030544356016,-3.7467884471138877,-4.899627873911222,60,26,273,LivingRoom,Standing,Morning,Medium,1,Mild
-2.211135309007885,-0.03564148229748357,8.688032974225838,1.4347792715085437,-1.107682987918691,-9.78669294566995,66,22,511,Hallway,Walking,Afternoon,Medium,0,None
0.23561455810856594,-1.6151318159055095,11.264177238752438,-4.159774587472256,-5.8848105638498405,-3.340715241638834,60,26,196,Hallway,Walking,Morning,High,0,None
0.7708651938869668,1.1647393544571714,10.796858773465809,-3.1914136326424707,9.102719539709078,0.9668972596207953,108,27,782,Bedroom,Walking,Evening,Medium,0,None
-1.4785862457798415,-0.7345915767980492,10.080636404490138,-4.076878141580606,-2.831972956073616,-6.740885227137451,91,29,253,LivingRoom,Lying,Evening,Medium,0,None
1.143754043206929,-0.810252437014381,11.558620484195135,-5.331174659496125,4.158083930902018,0.07841118235812171,68,21,794,Bathroom,Standing,Night,Medium,0,None
0.3384964074944141,0.20056919723094285,10.172105472606864,10.623857015084807,1.0473504182388629,9.501342121554824,88,22,341,Bedroom,Lying,Morning,High,0,None
-0.4152879139008013,1.1486373494287152,10.18915919566793,6.656695309942016,-4.922670252409841,5.115282776261196,85,21,403,Bathroom,Sitting,Evening,High,0,None
0.6327818661062848,-1.015821818978397,9.746879346982455,9.601837510721307,-0.02977354606364692,8.217707545602646,82,19,384,Bathroom,Standing,Night,High,0,None
2.270692857804396,0.06167984984797165,11.023568882418628,-6.114475097777819,3.92001389655374,1.955639384663631,104,29,126,Bedroom,Lying,Morning,Low,0,None
0.18186625505849516,0.42881650033057295,10.896469233810885,0.35626874955446247,-0.9413066754315327,5.83754911493223,102,18,501,LivingRoom,Standing,Morning,High,0,None
0.24822058630033608,0.6931056072631441,9.174322712503788,-6.467538126020479,5.9655647292551395,-3.619823652338937,88,25,459,Hallway,Sitting,Evening,Medium,0,None
-0.4593608995402441,0.1764415552772252,8.480752805401233,-3.47847438598532,5.107576963909319,-3.221701335109921,111,21,159,Bedroom,Transition,Night,High,0,None
-0.8498443694647918,-0.3670278390833223,9.597019362604344,-4.590634917082874,4.594574273291647,-13.695701030687363,97,22,301,LivingRoom,Walking,Night,High,0,None
0.8303358165442456,-0.8275902206487197,8.999961435602355,6.197920032207808,-2.2982838613649847,5.930727370211494,92,23,861,Bathroom,Lying,Evening,Medium,0,None
-0.8560838259088672,0.08614388304637476,9.736475425384645,-1.9811483905087992,-5.399212238907435,7.7016198990994305,66,25,973,Bedroom,Sitting,Evening,High,0,None
0.07156623721939247,-1.072139011985607,11.03743813468414,5.341896668470082,-3.067938026813972,-2.7658862267363498,71,28,680,Hallway,Sitting,Evening,Low,0,None
-0.4776574467651167,-2.9213504834946074,9.342698344913211,3.0206044479425898,0.9812047033336023,-1.2697585319861755,90,25,469,Hallway,Standing,Morning,High,0,None
0.47897982574639186,0.4365598041576678,9.757176618688426,11.518193760523944,2.7289335676617776,-3.769310568454807,91,24,632,Bathroom,Standing,Evening,Low,0,None
0.3336621052869483,0.9039348410861953,9.858022734808396,-7.3972211156986205,-10.857857023802238,1.913267757387458,113,21,251,Bedroom,Walking,Evening,Low,0,None
1.0375399442578992,-2.3629324355418384,10.648430882205286,6.296166198933994,-0.04056600805875145,5.624662726516204,79,23,201,Hallway,Standing,Afternoon,Low,0,None
-0.510016398854747,-1.0097307047099375,7.553110666015396,5.732204352003638,0.7904461266159222,-8.713859869405205,114,21,998,Bedroom,Lying,Evening,Medium,0,None
-0.26987493529337125,0.6191542610051978,9.193299705234704,-4.866894190135173,-1.387721281577758,2.0471926532112614,110,24,706,Hallway,Lying,Evening,High,1,Moderate
-0.9787637157823074,2.0574954697116987,10.011283692279473,5.0356666823657985,6.456369195079395,-1.383358858595727,76,29,545,Bathroom,Lying,Morning,Low,1,Severe
-0.4442932600761116,0.020793707675407894,11.000078956426862,1.680724815131144,2.1089003712543546,0.5669719598334467,95,29,972,Bathroom,Transition,Night,Low,0,None
0.3773004930448522,-0.7280029412291344,9.308097552493795,-1.137381299767039,6.550959540404485,2.294970008371455,62,28,328,Bedroom,Lying,Morning,High,0,None
0.7569886166453519,-0.18289644110484016,7.923447293958127,-4.119677434859998,-1.079802601751161,-0.9410121938641057,60,18,224,LivingRoom,Standing,Afternoon,Medium,0,None
-0.9221653241776254,1.3748764191481848,10.419711445966136,-3.5955472572459297,4.687387462534625,-0.5179342670289031,109,22,869,LivingRoom,Standing,Evening,Medium,0,None
0.8696059201056602,-0.6459641791245353,9.16463761117437,10.24906047892963,8.175331972637597,-1.0693758377731946,86,27,933,Bathroom,Lying,Evening,Low,0,None
1.355637858804951,-0.7991920066502536,8.610333340909639,0.00341409478741314,6.558467246363305,4.851581008941407,112,29,980,Hallway,Sitting,Evening,Medium,0,None
0.41343490322370086,-0.4827435221820324,9.175654610286777,3.9106500076572956,-5.460707967143666,2.0937998006374827,106,27,335,LivingRoom,Sitting,Evening,High,0,None
1.876795812558066,-0.9533286082587124,9.615474642344152,-3.9544969083377657,-1.2683803877119049,1.102917688686804,99,21,261,Bathroom,Sitting,Evening,Medium,0,None
-0.773789199103573,0.12267031599479553,9.195255335461788,-3.899264731108194,-1.7258235272489821,-6.354758605461414,92,28,653,Hallway,Walking,Evening,High,0,None
-1.244654703311417,1.6246784584695606,7.594433942900931,5.409924046249711,2.446272675381638,-1.8928987160657709,79,24,887,Hallway,Transition,Afternoon,Low,0,None
-1.7787202489042786,0.3230792731160291,10.697066196887134,-6.747881057757661,3.4317677750726654,4.493345801695871,73,26,452,LivingRoom,Lying,Evening,High,0,None
1.496044311489183,-0.2523535021262876,11.074875041278723,-2.0760688395263576,-4.194463370128681,0.18848286561961453,95,22,167,Bathroom,Walking,Evening,Low,0,None
0.6543656563540577,-0.2918112689155441,10.451521991339506,0.17013705536116025,0.3391925695846884,3.297657347945692,64,21,272,Hallway,Sitting,Evening,High,0,None
-0.05558467091045507,-1.563190808696657,8.662314329575183,0.5568630092002621,-10.099636660780682,8.832559001638169,82,26,942,Hallway,Lying,Afternoon,High,0,None
0.2799686263198203,0.883109777147159,9.598508466052483,-0.8954664250807813,7.20972502900945,5.1930303460440825,104,22,736,Bedroom,Walking,Evening,Medium,0,None
-1.1254890472983765,-0.07783719701280203,9.793478684770543,1.9790989054796153,-2.561871203383468,0.4657916884987117,119,26,781,Bedroom,Standing,Afternoon,High,0,None
2.4457519796168263,-0.18047991359062565,10.39879438956191,3.464278779089058,0.27931969922248484,-2.5549458509786356,115,25,658,LivingRoom,Sitting,Morning,Low,0,None
0.1292211819752275,3.193107567844861,10.46834048871808,3.67318772729665,-1.5482485699403061,-12.767747980279491,74,21,360,Bedroom,Walking,Evening,High,0,None
0.10939479460489289,0.29875290836568624,9.065826201221505,-4.929019043339133,5.730137875067075,-0.8419246123642626,65,28,316,Bathroom,Standing,Night,Low,0,None
0.725766623898692,-0.7517910500951843,9.88199555641356,-1.420775489643986,-14.187532206986894,-1.6300624790842457,92,28,916,LivingRoom,Sitting,Afternoon,Low,0,None
0.4810092317367132,-0.4263575962055433,10.257280404615242,5.9738143093846885,-0.08305171162954494,1.9518309719768783,114,24,223,LivingRoom,Transition,Morning,High,0,None
0.22388402427913137,1.1484457091967548,11.255822322146766,4.473235937869362,-0.5290937874884895,-0.7695261348734379,78,22,904,Bedroom,Sitting,Afternoon,Medium,0,None
-0.7904744554453119,0.11327041053776446,10.504506539824725,-6.86429725740532,-2.268181937958414,-1.6019252971839717,72,27,261,Hallway,Transition,Afternoon,High,0,None
0.4714683571359957,-1.4382779783173667,10.58905668737552,1.7573995017610082,8.631132728178162,-8.896994652536103,88,21,300,Bathroom,Transition,Morning,High,0,None
1.8820244964750337,0.9192289345752035,9.883826627929361,-9.891126246874052,-4.436647294278856,-4.699839145750333,65,22,553,Bathroom,Transition,Evening,Medium,0,None
1.3454200461549777,-0.668144085538994,11.210459145203505,0.23467451030184813,3.8589808861783057,2.3832552040027872,74,22,501,Bathroom,Lying,Evening,Low,0,None
1.593186626639397,1.8732977762175456,10.209762795959499,9.488835083729885,1.7812639435304178,8.579538155663473,75,28,561,LivingRoom,Lying,Afternoon,High,0,None
-0.5112156764311852,1.0800480657146485,8.938912089826431,-4.7394635863449315,6.3075962626775794,-0.48762691872811714,83,26,374,Bathroom,Transition,Morning,Medium,0,None
-0.9896048202585809,-0.4473218956587512,11.203369970125191,-4.17161522745791,-3.335945423887527,1.6390553678706166,82,29,305,Hallway,Standing,Evening,Medium,0,None
-0.12578692009964815,1.281016361735113,10.497903272539029,3.8201489078642976,-3.664844495618795,4.762390784764027,107,26,139,Hallway,Transition,Afternoon,Low,0,None
0.055724912288694604,0.0678555105274033,9.356955978871518,-7.71400757604823,5.480349537386992,-4.054469681001248,69,23,372,Bedroom,Walking,Night,Medium,0,None
1.0941915184709485,0.8527736751222195,9.320507032600757,-3.163775149425195,2.1266065416505517,1.8340702164272114,113,21,799,Bathroom,Transition,Morning,Low,0,None
-1.6924646297148194,0.48473281729447476,10.096575545140762,2.9822056879087633,-7.724686733383793,-3.7024505316607925,100,19,966,LivingRoom,Lying,Night,High,0,None
1.5295503194606137,-0.8463566549908735,10.263184795267586,-3.1714292384470157,-2.696525072316352,4.324122192455056,100,20,192,Bedroom,Lying,Night,Medium,1,Moderate
-0.15800789857898942,-0.643549832317462,9.997292265631208,-1.179849936054858,1.931913269240305,0.7570152397586631,108,19,141,Hallway,Walking,Afternoon,High,0,None
-0.42688106994742003,1.0299608175811612,10.111308673442885,3.720928551575173,4.188821107732946,1.492259069907199,76,22,564,Bathroom,Walking,Morning,Medium,0,None
-1.0121043752601675,-0.33477533210654087,11.49995737457638,2.1077304176828062,-3.3961532659647755,-3.912992987092945,108,23,478,Hallway,Sitting,Evening,Medium,0,None
-1.6548566718657693,-0.4036484632419967,10.871543152234887,1.3340919814770094,-14.571279949084705,3.5351617980539247,115,28,206,Bedroom,Standing,Evening,High,0,None
0.8231705839619146,-0.955122579349353,9.990635591265026,-1.6956113963501938,2.616115928685166,10.42356460615508,103,22,427,Hallway,Standing,Afternoon,Medium,0,None
0.07331796718840389,0.42359906559346105,10.741310580767484,1.8503055763447769,-6.101603449719879,-5.03955847714103,104,19,164,Bathroom,Standing,Evening,High,0,None
-1.2899608997410539,2.062524919243145,8.76747609647246,-0.6186634004987831,-10.086693990612057,-1.6987950382376191,89,29,464,Bathroom,Lying,Evening,High,0,None
-1.295078772063616,-1.0675329142542729,10.19792704994681,2.2890280496289237,-14.161629624920703,1.1580373708404592,103,22,920,Bedroom,Standing,Night,Low,0,None
-0.3357846992901282,0.02421945667275807,11.60930634973311,-2.4846601255898912,4.069904300988706,3.9320310599790824,105,26,583,Bathroom,Sitting,Night,High,0,None
1.669021525289393,1.4122205554154292,9.581954104607627,-0.9128448718977056,0.6430872520248326,-2.7977314264473447,69,21,746,Hallway,Sitting,Morning,Low,1,Moderate
-0.2595913513636048,-0.07964139124571515,8.952366071380915,-4.94978896276007,-1.1282819035612581,-14.1651514507137,114,29,123,Hallway,Standing,Night,High,0,None
-1.5031429531181062,0.4523717962497339,9.14791111140694,-0.1750380500311795,6.945121814813808,6.795947470820125,78,27,639,LivingRoom,Walking,Evening,Medium,0,None
-0.24574306408594432,-1.0623935281468797,8.710366962657613,-4.055004318144224,3.1866234151153625,3.802530597920713,88,19,161,LivingRoom,Sitting,Morning,High,0,None
-0.2727235697476705,0.4283070972076486,9.015238091872297,-5.570232250809966,8.081500213609583,-8.714737652433325,61,20,590,LivingRoom,Walking,Morning,Medium,0,None
-2.6968866429415717,-0.18714426500454878,9.429491901409971,1.2933057392769407,-6.963677360834982,-3.0378439588977795,95,20,372,Hallway,Lying,Afternoon,Low,0,None
-0.05429486651781221,0.985729995679863,8.394432980821358,1.0636988792883015,-0.17275311976981758,7.84091214763663,78,26,328,Hallway,Sitting,Night,Medium,0,None
-0.23093453020867796,1.1873860515647512,9.815618333949605,3.9143686747428625,-8.083566874740072,7.23898209228933,66,21,119,Bedroom,Walking,Morning,High,0,None
0.6962063648134184,2.589563642018614,10.702277173786648,-2.155627847875495,-1.146911659277336,4.693200113394723,85,18,102,LivingRoom,Standing,Evening,Medium,0,None
1.8489560949453452,0.5796331732135757,8.89224381985308,2.0402642341837787,-1.2430792688333867,-0.8805621697993132,74,18,520,Hallway,Lying,Morning,Low,0,None
1.1265650295477574,0.32579631658216646,11.31928392364177,2.753987861368316,3.133068186315354,0.41493709406254986,106,24,829,Bedroom,Transition,Morning,Medium,1,Moderate
-0.26888869055483056,0.19438430157733602,10.310792088527595,2.223869039157974,0.22781940570949155,-0.6546290256306325,115,24,406,Hallway,Transition,Afternoon,Medium,0,None
-1.1065259087416703,-0.35316629281068834,10.830580585624059,-4.12826841401071,3.117035691399578,5.641198916344187,97,19,531,Bedroom,Standing,Evening,High,0,None
2.5733598032498604,0.33848384346169114,9.142165446147864,0.7468174113559445,3.517200665694471,-4.379212032475551,62,26,235,LivingRoom,Lying,Evening,High,0,None
0.05921843401448826,-0.29540141013902943,10.654525227066616,1.8207014802733068,10.77464338691571,-4.028998274421023,97,26,614,LivingRoom,Lying,Night,Medium,0,None
0.013929291912946203,0.1684609762696143,8.708066099604688,0.035892334539709705,-1.576483276430622,5.051372934180078,75,22,292,LivingRoom,Lying,Evening,Low,0,None
-0.024125087110003277,1.3175975356079597,10.69024750083651,-10.432388291855423,-4.705113503331895,-0.22180727755780816,61,20,684,Hallway,Lying,Morning,Medium,0,None
0.19808476076785494,-1.0065425652796411,9.971839339793531,0.8024481198674004,1.230418076582044,6.8923367772690405,90,20,514,Hallway,Transition,Evening,Low,0,None
-0.14436041192394247,1.1398785611290454,10.353251219984784,11.06265519698621,-4.011400135697717,-3.3575610349027283,87,29,972,Bedroom,Walking,Evening,Low,0,None
-0.5736620068802363,1.3171150673398653,8.624405394375149,-1.8001963437849136,7.409803842182679,-0.27389180169412547,66,20,217,Bathroom,Lying,Morning,Low,0,None
-0.5468589412403921,-0.11806852699107874,8.904930157723395,-3.6403854892766057,-1.4160901947261628,-4.612064924219767,89,23,765,Bathroom,Walking,Afternoon,Medium,1,Severe
-0.03275327021599839,-2.1218548990085946,10.397228218253385,1.8667427985569909,-2.827881839369952,0.03681340711783567,102,21,308,LivingRoom,Lying,Night,Low,0,None
-0.543424771133765,-0.6078219870944325,8.8516519957758,1.5618910523328586,-2.3565786057555895,-7.392734684993995,117,25,133,Bathroom,Sitting,Night,Medium,1,Mild
-0.7128457826771644,1.2969945465611092,10.263206292099124,5.9636758270820724,3.5920871173582047,-2.438167104774814,66,28,748,LivingRoom,Sitting,Afternoon,Low,0,None
0.10643022769189683,-0.022868062298882122,8.432862193539755,-6.289340779544439,-0.7887349161574263,-7.1812693246405885,95,28,417,Bedroom,Sitting,Morning,Low,0,None
-0.2549772174208553,-0.9993022322949108,10.64817421266667,3.656901262874962,-3.2083341006519115,3.4696161659562907,88,28,219,Bathroom,Lying,Night,Medium,0,None
1.5039929885826886,-0.5047749212282174,8.567476685231492,2.9521103062573175,8.326759588117655,3.582946698798258,83,22,726,Bathroom,Walking,Afternoon,High,1,Moderate
-2.650969808393012,0.840620026504553,10.352299937679524,-0.7107326847027305,-4.28084920330875,-8.651313652421726,111,18,624,LivingRoom,Transition,Afternoon,High,0,None
1.0915068519224618,0.5467335682013793,10.425630933646001,1.69343658960845,0.17783037016496764,6.669428727502864,98,26,680,Bedroom,Standing,Afternoon,Medium,0,None
1.246085192497629,-0.23893209916969432,9.103228181570426,5.1472874079917865,3.261530758051152,12.48707563209927,63,18,944,Bathroom,Transition,Night,Medium,0,None
-2.0733902324081495,-0.36682441181468756,10.382026567084727,4.361576900142252,-8.156675552085366,0.23003193368170474,88,23,868,Bathroom,Lying,Night,High,0,None
-0.34268759408034877,-0.3917581490438219,10.060442263333556,-5.715096560368643,2.4013025070296248,-3.205571301123224,103,18,188,Bathroom,Sitting,Night,High,0,None
-0.37144086599579146,-0.9224101844985025,9.261158143807263,4.100790933777422,-5.275538377402247,14.121652955015232,64,20,611,Bedroom,Sitting,Night,High,0,None
-1.4075116947178212,1.6153756894694418,8.791445315923793,-0.32344302516259243,4.113913904170012,-6.594842491512553,114,27,146,Bedroom,Walking,Evening,Medium,0,None
-0.7778166875908753,-0.3223204692113399,7.837374308327422,0.36437049007757694,-4.813255059594882,0.10053233434549194,88,22,871,Bathroom,Lying,Afternoon,Low,0,None
-1.1105758454658288,1.2171585208254965,10.149650047299694,0.3659849550084725,3.4638451592443027,0.8981113631596171,89,27,839,LivingRoom,Transition,Evening,Medium,0,None
1.7522704434236227,1.5213160519224513,8.235197228637945,-0.7512149439912998,5.529165331473563,6.725738102262073,88,24,791,LivingRoom,Lying,Afternoon,High,0,None
0.9356783931474612,0.9983108981479604,9.89534419944131,5.958537485535325,4.307182628164025,1.798694875633942,85,27,621,Bathroom,Lying,Night,Low,0,None
1.2715550949941588,-0.4316203127180484,9.536551783917751,-0.4185897992460601,1.256583241190512,-2.493169478942257,78,25,383,Bedroom,Sitting,Night,Medium,0,None
0.7216720640432351,0.40373009033660945,10.479142775438197,-5.5977306419158435,-1.1565047146484972,-4.755921851939781,85,29,476,Bathroom,Transition,Evening,High,0,None
-1.1290517712172292,-0.024195606390916165,9.497954500510136,-1.9676492798486442,-2.8820978816742193,-1.7091091012306778,96,26,737,Bedroom,Standing,Morning,Medium,0,None
-0.5245202662797737,-0.9037018607301281,9.47055221365291,0.893473584052378,7.35517345408552,-5.034636804725721,86,23,233,Bathroom,Sitting,Night,Low,0,None
0.48937456122791806,0.324359281721603,10.531870704288297,6.146073921485252,-3.497476100838216,0.2391265989234147,89,28,766,Bedroom,Transition,Morning,High,0,None
-1.2221278088919454,-1.1790397911598025,10.135058029084119,3.015473424744168,-5.18533036784998,-2.8209808993024326,110,26,347,Hallway,Walking,Afternoon,Medium,0,None
0.7129984301723881,1.1876793884615637,10.116155957182778,-4.25267639373522,3.32684467516415,-7.470188966448753,112,25,751,LivingRoom,Sitting,Evening,Low,0,None
-0.24032539815813503,-0.4646172972983931,10.269267589808527,12.425949583394457,-3.980684015932477,6.275728941874519,89,26,417,Hallway,Walking,Morning,Low,0,None
-0.3748208075495975,0.2011596558728393,8.264427876792896,1.323876554889898,-4.750317487330636,-2.488362617145197,62,27,535,LivingRoom,Sitting,Morning,Medium,0,None
0.7109599682034915,0.28328787154614216,10.556788679986983,6.376953689995074,-7.218021310848824,-6.340684024876563,118,21,275,Bedroom,Lying,Night,Low,0,None
0.44426331148603976,-0.25890497370407733,10.412468794013604,-0.7585721678861457,-2.4145491973025885,-0.8412956724377076,117,26,934,Hallway,Transition,Morning,High,0,None
-0.3609661658190799,0.5866938014752747,8.783316871423503,2.666796223527247,-0.413575119482466,0.34185782983829377,102,24,785,LivingRoom,Walking,Morning,Low,1,Mild
1.159329803364248,-0.47490365662252443,9.5559195263258,4.197342522592024,1.215458638303494,-8.732333627895168,66,22,685,Bathroom,Sitting,Afternoon,Medium,0,None
-1.0810633275998973,0.8712972974572442,9.76069271237237,6.09097355877128,4.756531221497417,1.658238335628814,108,22,450,Bedroom,Walking,Evening,High,0,None
0.6159356069442637,-1.3459796802467485,9.665503215598267,5.286841526891125,2.6344896183289683,-5.235787843451323,116,18,242,Bedroom,Sitting,Night,Low,0,None
0.5931012579683838,0.12637957954641182,10.133859966568535,4.360985000364889,-0.954361097765899,8.555144045953938,68,19,903,Bathroom,Sitting,Night,Low,0,None
-0.3095464393139903,1.9389289990582848,11.231366781831184,-1.575433655970543,-0.9909783818985994,2.6198025603836737,112,27,497,Bathroom,Standing,Morning,High,0,None
0.326133022242118,-1.0003313246055747,10.88176672767283,-2.858730209780307,2.5507873445759173,-1.9994999505465827,100,20,723,LivingRoom,Standing,Afternoon,High,0,None
-1.251113576385303,-0.6777449705248515,8.487780806568594,1.6630375516209877,6.362850814642847,-3.7258388515867527,101,25,817,Bedroom,Standing,Morning,Low,0,None
0.924027019206901,0.513907849658915,10.42206999030605,4.665640361705346,0.631570997416001,-0.5248385378181197,72,23,742,LivingRoom,Walking,Morning,High,0,None
-0.18490213644298903,0.17958178193959795,11.12893331953541,-1.1136035038830352,-2.345654271052045,3.0639537079164487,74,29,468,Bathroom,Lying,Night,Medium,0,None
-0.5227230205190395,0.3506300992735592,10.186808520689203,5.325859828571932,-4.964330005427727,-0.1274706429259983,113,27,600,Bedroom,Sitting,Morning,Low,0,None
1.0490092258368893,0.4891871301476635,10.890980425185967,7.263083727430897,-7.226026322061127,-1.085794035684283,64,28,721,Bathroom,Transition,Morning,Medium,0,None
-0.7043436905427592,0.6347214685617699,11.812270445700765,-4.581604595367098,3.331348360217616,0.2918514540894782,88,22,469,LivingRoom,Standing,Afternoon,Low,0,None
-1.4084612963635597,1.1096998419562232,10.823709546106983,-4.184603518981399,2.889892618197786,-3.0192946561847736,94,18,678,LivingRoom,Walking,Night,Medium,0,None
-1.5566291735239037,0.40981865692851255,10.04930859564173,-0.7018752945266822,2.8868176255333076,-1.7160296342151884,86,29,481,LivingRoom,Walking,Evening,Medium,1,Mild
0.6060099513456396,-0.24125765461854246,10.845088474084754,1.538063340945982,-0.6432972317602794,-10.42896219452502,86,28,185,Bedroom,Walking,Afternoon,High,0,None
-1.280429352496283,0.6725737012027313,9.944887833096892,-2.6228350688352546,7.034673729458754,4.868631154261839,67,29,886,Bathroom,Transition,Afternoon,Low,0,None
1.7547941819843647,1.8998819348952156,9.823903043284956,6.761013394335722,-2.4205924729240884,1.4939889016088095,91,26,838,Bathroom,Transition,Afternoon,High,0,None
-2.081929407883722,-0.13263374638257355,9.448585764286268,2.120334307592256,4.776346186036028,-3.8672792201671506,79,20,559,LivingRoom,Standing,Night,High,0,None
1.6964563682900382,-0.9745293046706415,11.363413358832108,0.19723524120369745,-0.19371447494771513,9.493674906776194,69,20,424,LivingRoom,Transition,Morning,Low,0,None
0.2110174672026184,1.1070806692869728,8.981571334058,-7.179547619342638,-3.0417538233966877,0.4350824019619327,72,19,621,LivingRoom,Standing,Evening,Medium,0,None
-0.09671311187039239,-0.12038116395359824,11.332367724678116,-6.579079082137536,2.962651536588807,-5.180717859875984,88,21,588,LivingRoom,Transition,Night,Low,0,None
-0.5449190868089497,-2.172669546014036,10.299864123740372,1.4050462514090314,2.0481805934199686,4.283687107352292,94,29,496,Hallway,Transition,Morning,Low,0,None
0.39913611435207086,0.8474216771504216,8.40069382519806,-10.662978130774182,1.7848637963346305,1.9902410825463124,113,19,995,Hallway,Transition,Afternoon,Low,0,None
-0.037634702424848364,-0.5353281859539227,10.167649292991422,5.0631870482203585,0.40639211028099376,1.9728999274210968,67,26,454,Hallway,Standing,Night,High,0,None
1.1033018820165215,-0.09053328230416077,7.699973492348377,-0.7907692218616015,-0.18946540858415437,-2.1287780232579525,88,29,387,LivingRoom,Sitting,Morning,Low,0,None
0.11422764866203965,0.33198033056901455,10.425508016831037,16.215464847973667,11.941859964352194,2.2524786188901738,90,27,558,LivingRoom,Standing,Evening,Low,0,None
0.1503017614618776,0.1904996797790664,10.685231482988991,11.539581253080552,5.921283225980865,-1.3087914511054728,100,24,723,Bathroom,Sitting,Evening,Low,0,None
-0.36361221221385587,0.7094518171390395,9.207644044347948,-0.9072453462375838,3.6141344749275603,2.779707258229211,89,25,635,Bedroom,Walking,Morning,Medium,0,None
-0.056945623721067457,-0.43548637056984335,9.923547695955582,-0.5316850126565749,0.5589957910169413,-9.524722270053195,81,20,390,Bathroom,Walking,Night,Medium,0,None
0.3078017688920592,0.5131057981760827,11.754157433750287,4.9779075700101485,5.035786002983346,-2.1693673148959456,80,23,950,Hallway,Standing,Afternoon,Medium,1,Mild
-1.7101683926566256,-0.2595466775839172,9.294253295738065,8.51586304959019,2.5899738819572593,8.610775489040973,71,27,937,Bathroom,Sitting,Morning,Medium,0,None
-1.348185422105713,0.738810480887503,8.7410924129434,-8.190145287180083,0.1310237638701783,-3.8353372770015026,70,23,267,LivingRoom,Sitting,Afternoon,High,0,None
0.743264094022715,0.6153674840130534,11.2816634024626,-8.931877326773433,-1.5178216263295752,-3.019191487465933,61,18,720,Hallway,Sitting,Evening,High,0,None
0.17086543812794186,-0.9354387020445953,11.762587190530795,-3.110174027771907,-0.404586688313441,-2.2398066922498754,109,23,527,Hallway,Walking,Morning,Low,0,None
-0.18398333635267913,1.0859821161750323,9.803695671847848,2.913687915869322,-15.852128679390278,-6.074030679443217,100,20,801,Bedroom,Standing,Evening,High,0,None
0.01843393306539316,-0.535963445114048,10.811463035408357,2.4843679525379856,1.0530041964882089,-11.04140388114126,61,28,589,Bedroom,Lying,Afternoon,Medium,0,None
0.34758170536167105,0.8080577982811451,11.141475915530881,5.348857274919251,-2.4423804005517984,-1.1529319926180643,93,20,454,Hallway,Sitting,Afternoon,Low,0,None
-0.5397596803093615,0.36728731340134063,9.057515767461616,-5.998487641826541,7.96334999141442,0.6792971204082844,62,20,295,Hallway,Sitting,Morning,Low,0,None
-0.7783047254023127,1.8381836767951225,9.314694164632133,-11.580719314844384,0.09672035405877145,-0.2625253426932609,75,27,644,Bathroom,Lying,Morning,Medium,0,None
0.19584525509768155,-0.22346598237185214,11.030874513154735,4.2900709765107266,-5.944817097674809,-0.7243928097394342,110,28,816,Hallway,Standing,Morning,Medium,0,None
-0.978372777615032,-0.3493167961181975,11.48501427870851,-4.140981364826173,-0.2494007706405885,0.21520435425193823,63,28,923,LivingRoom,Sitting,Evening,Medium,0,None
0.40825275571447184,-0.01941960588773261,10.362880860174355,-10.09243932194319,-5.230605425312521,5.114207357753821,82,27,793,Bathroom,Standing,Afternoon,High,0,None
-1.7025836042378404,-0.30317978283427544,8.920185646497947,0.7253187297969081,2.367037078562332,-0.9522309296460839,116,28,758,LivingRoom,Sitting,Afternoon,Low,0,None
1.0291556373256436,0.7999419019420501,11.787061111699442,3.9658784410933867,1.4547368216974268,-2.870412885436348,109,25,879,LivingRoom,Transition,Evening,Medium,0,None
0.472597482413043,-1.616310608436588,9.269029102188036,-0.6102856606063863,4.789198155541338,-1.4056274244404316,79,22,110,LivingRoom,Sitting,Morning,Low,0,None
0.25602973431387566,-1.053682419146354,9.464862218828548,-2.2892419309124463,-3.9544089584728273,2.896733798783879,84,21,681,Hallway,Transition,Night,Low,0,None
0.9826909839455139,-1.067802921579193,10.142337834489622,-0.7968111607295327,0.170040481140734,7.060134392716248,89,26,355,Bedroom,Standing,Morning,High,0,None
1.6654744444625766,0.9503075919735757,11.354160420714775,-1.8529138120039144,-6.825108977133176,-3.1407186958458917,77,26,495,Bedroom,Sitting,Night,Low,0,None
1.0143700650181304,1.7106133725819253,10.653975976552225,-6.740235559700835,3.5074739096235725,0.49466893514441856,101,18,830,LivingRoom,Walking,Night,Medium,0,None
-1.8408742313316453,-0.1044492185374715,10.214865500361912,-3.573403384952159,2.5943559022006104,1.6917872096797981,70,19,908,Hallway,Walking,Evening,Medium,0,None
-1.2795769667357015,-0.16882172319001063,10.263288530118107,2.6063995250690724,2.479025105137854,-4.962890033644115,88,25,508,Bathroom,Lying,Afternoon,Low,0,None
-0.6248185776956788,0.07005216311318138,9.843514668643467,1.6083927068825004,0.0080951567847056,0.10208583606459065,76,22,461,LivingRoom,Walking,Afternoon,Low,0,None
0.026091050210833786,1.1618783026081905,10.358139514518507,0.8402990298341012,2.073864453943955,-7.328369286710475,85,24,358,Bathroom,Transition,Afternoon,High,0,None
0.517659020469123,-0.9273531341905741,7.270439922305698,-4.975742409266897,8.021695541542982,-8.845251518696994,115,18,102,Bathroom,Walking,Afternoon,Medium,1,Mild
-0.7257438131534656,0.23836898273478513,9.503392540930202,-0.9075158106783356,-1.4254712852100697,1.8337320394612848,116,29,183,Hallway,Walking,Evening,Medium,0,None
0.18676676447707832,0.9751976297824297,10.041321934916782,-10.885325232214274,0.6932259185504225,-1.919373706653914,82,27,255,Hallway,Walking,Night,Low,0,None
-0.7553829323533225,0.5010941699398452,8.648985916380493,0.8923833194269487,-5.430631495907049,1.0114020381060955,115,29,762,Bedroom,Sitting,Afternoon,Low,0,None
-0.6115178029919482,0.1895816165987434,10.18632331781156,7.144288539067837,-4.341304807991662,-0.08947488504175026,111,22,275,Bedroom,Lying,Night,Low,0,None
-1.4066610968482223,1.0010460925671412,9.595528779013879,-7.370660660210529,0.4890664654665369,-4.882000243318987,107,28,806,Hallway,Standing,Evening,Medium,0,None
-0.9232332461109043,-2.703232292999237,11.55547569831549,-2.9296383665887764,5.519667733509536,-0.22627150982168237,79,29,571,LivingRoom,Lying,Morning,Low,0,None
-1.3516846056163336,0.6778753195309076,11.373019725214856,1.6455338935506478,-1.2814041212578622,-6.165506525074276,104,20,718,Bedroom,Transition,Evening,High,1,Moderate
-0.9758732529773327,-0.6540756831274238,9.334194430881837,6.264213172137419,-1.1795826465606196,6.954861790007003,61,27,523,Bathroom,Sitting,Afternoon,High,0,None
1.0536417966078395,-1.830632896856457,9.649162288433306,-2.241123081500747,-2.0344262225218737,-6.779851724299819,83,29,233,LivingRoom,Sitting,Morning,Low,0,None
-0.949398888831943,0.5112025995249807,9.726052434391608,-3.461251646329482,-2.6737833542216154,-0.9789263548429067,90,29,887,Bathroom,Walking,Evening,High,0,None
2.632382064837391,1.3736585451629577,9.348340523840378,-9.844615712080415,1.4748572785441079,-5.211357940236242,86,19,963,Hallway,Walking,Evening,High,0,None
0.4933179008808892,-0.13744851462769186,9.995024984028127,0.5171906465405319,-7.486288225893222,2.852105866803978,61,19,479,Bathroom,Transition,Night,High,0,None
0.1848361236948739,0.9528745472029388,9.04171793111241,10.21038020071872,6.404697883333638,-1.6571568564075143,116,26,766,LivingRoom,Sitting,Evening,High,0,None
-0.8583577801812136,1.6122782579886454,8.669384665062474,1.3867923098233794,-3.3271114906473027,-2.593333598106051,73,21,376,Hallway,Standing,Morning,High,0,None
0.7003098794089914,1.3149144535840473,10.422711223900269,-0.11139489591856658,3.609517427190707,4.266007725257772,63,21,335,LivingRoom,Lying,Evening,Medium,0,None
-0.5756378262377739,1.639964529371393,10.429529584221811,1.6104115538349273,-6.349992986969379,0.1471529583877609,108,24,851,Bathroom,Sitting,Afternoon,Low,0,None
0.12200981464536144,0.7421274910718922,8.995684240340008,-0.0554600197430103,3.344200652731091,2.583222229679836,72,27,981,LivingRoom,Standing,Night,High,0,None
2.5600845382687947,0.0754336389015928,10.6953554307626,-4.065071861300649,3.3597230390724873,-4.906629682587324,95,27,112,Hallway,Standing,Morning,Low,0,None
-0.09605989972464987,-1.6019658118971685,9.16842227083467,4.116399578388527,1.9210103600294826,-7.024084719637535,94,19,441,Bathroom,Lying,Morning,High,0,None
1.1492733262856758,-0.24606248812994858,10.053165238037982,1.128807615558772,-4.972142608998961,0.5360398102006683,103,20,134,Bathroom,Standing,Evening,Medium,0,None
-0.7031764251258874,-0.8432465953161917,10.620344012612456,0.08806625966828657,1.2477409479903852,-1.594231777473656,113,20,658,Bedroom,Transition,Afternoon,Medium,0,None
-0.0349884904969617,2.1709427174978138,9.766387435296288,-4.876830136391249,-5.915280923671945,3.132173362269721,114,23,313,Bedroom,Standing,Night,High,0,None
1.77080063563551,-0.1758858124323366,10.254740912141136,6.517539659673796,-1.2638162754809268,-0.3995422633127485,67,20,511,LivingRoom,Transition,Morning,High,0,None
-0.6269670577877674,0.12320480678448567,9.28357035611243,3.3235137266655497,5.14706550477663,1.0253766961731494,61,28,504,Bedroom,Standing,Night,High,0,None
1.8124485579969287,0.5514853760404675,9.603533416571903,-2.76460418683651,3.9835096353537103,-8.116912649706217,65,22,593,Bedroom,Walking,Evening,Medium,0,None
0.7077519354554754,0.043602446372453724,9.594140569119661,5.0091242684096855,0.07591471270216561,9.442184698071284,90,21,757,Bedroom,Standing,Afternoon,Medium,0,None
-0.5624667758942676,1.695051040430753,9.053421653459761,-2.487854191926036,-4.87403287961421,-0.8212099251601594,113,20,258,Bedroom,Transition,Evening,Low,0,None
0.632407739055521,-0.622649361734452,9.623225836884219,-3.9100174625551847,3.227938560870967,3.487934851695995,69,25,736,Hallway,Standing,Night,Medium,0,None
0.9725544496267299,0.1946074552372427,8.251381701136253,-3.798515587401435,0.09690618849012607,-4.180458351098133,103,27,209,Hallway,Standing,Evening,High,0,None
0.6218099622171964,-0.7424705856980482,9.308846252857895,-8.855342765440456,-11.601577991152116,1.5400495110867047,80,20,648,Bedroom,Standing,Night,Low,0,None
-1.5702247198904564,-1.3200225112207058,9.51512450663033,2.3577119020910287,3.913149131582591,-6.514223817623726,101,23,888,LivingRoom,Transition,Morning,Medium,0,None
-0.7271371758248686,-0.6117690909052854,9.543820247504621,-9.15572439169175,-0.12116416934846073,2.260339191298355,69,24,625,Hallway,Standing,Morning,Medium,0,None
-0.24751863555150475,-0.03703679704841202,9.558502554129221,-6.142219156328813,6.012256239915361,-1.779870421929164,82,24,446,Bedroom,Lying,Evening,High,1,Severe
-0.07443342910004629,-0.42930222451725997,9.738235800139872,-10.377940045392666,-5.476352594214023,0.14595251967783723,62,19,843,Hallway,Lying,Morning,Low,0,None
0.620672097550678,-0.692420979873856,10.279441518086065,-0.4303484639544653,-15.883519065980003,3.4898701506504874,91,20,927,Bathroom,Transition,Night,Medium,0,None
0.17770100093325383,-1.4063174636718339,10.674517074132524,-0.7516023013593603,1.3954192917259258,-6.162701556101401,79,29,735,Hallway,Walking,Morning,Medium,0,None
-1.3353443587101013,-0.08310557262869477,9.150234773151734,-1.6334810659318202,1.4578183834098637,-3.422458653063985,69,27,378,Hallway,Lying,Afternoon,High,0,None
0.3801978510059632,-1.5047203740310022,8.596799144610856,-5.212888473352882,-8.453358138032259,2.286621405433827,88,27,578,LivingRoom,Sitting,Afternoon,Low,0,None
0.6105857452838231,0.7600559636896026,8.757955587756898,-5.8611687671832,-4.892497729333032,10.491107372733735,100,21,210,Hallway,Lying,Evening,Low,0,None
0.5597904479310398,0.08243975293450329,9.312797078805074,2.321849317732871,13.776088718599508,-0.6904116733074088,111,24,735,LivingRoom,Sitting,Evening,Low,0,None
1.0807807255546218,-1.4575514994649306,9.44807868218349,-2.7527596585424385,-1.5280530707690168,2.9556805896196625,110,19,530,Bathroom,Transition,Evening,Low,0,None
0.8339221545489041,-0.30920907704986345,9.030003933802544,1.5817916076807237,3.6547948818810805,-0.5348573492924004,105,20,641,Bedroom,Walking,Evening,High,0,None
0.4591800792284367,-0.7521564055905832,8.503883335750107,-4.4262434306211125,-3.2532991368419184,9.711227973781497,93,24,214,LivingRoom,Sitting,Night,Medium,0,None
-0.07016571145864703,0.31917451041918043,9.343879172525812,0.9053137138554117,-10.451514494265783,-8.736108334826278,96,24,189,Hallway,Sitting,Night,Medium,0,None
-1.6609609335159914,1.3404504460231446,9.981426620113972,6.516390186580319,-0.8512912339795276,0.47310522334679,79,27,311,Hallway,Lying,Afternoon,Low,0,None
0.42961821913258585,-1.8751724696457446,10.395029465835565,2.9308290019639167,-1.328022801430526,-8.127720167810304,67,20,649,LivingRoom,Sitting,Night,Low,1,Moderate
0.20768768716311115,0.11502607914741717,9.24257694689168,-2.0620690910824018,-1.9993911933418573,-12.532857852683584,66,29,694,Bathroom,Transition,Morning,Low,0,None
0.27157883719537346,-0.1601327955666404,9.387002177856566,1.285994851779637,-0.5732041775319623,1.4873102655890826,65,18,638,Bedroom,Transition,Afternoon,Medium,0,None
-1.2767485758203094,0.6713400764504657,8.87330169115269,-1.2033258726510652,1.3213413582281828,0.6974889807372943,70,29,828,Hallway,Transition,Evening,Medium,1,Moderate
-1.0810565404082624,0.21319662823768915,9.768560829625224,0.039400923473640756,-0.7505847562690329,-1.4241846887110068,103,20,459,Bathroom,Lying,Evening,Low,0,None
1.0531528533329035,-0.7519693317388191,8.951571365809187,-1.628055260742518,-6.320030839736819,-0.5309704501987658,77,22,585,Bedroom,Walking,Night,High,0,None
-0.03955515385665504,-0.31905393566661816,10.3731278132412,-0.821676029426956,2.4309239578096946,15.491497170356288,110,24,471,Bedroom,Lying,Afternoon,Medium,0,None
0.6815006973726244,-0.796025856803489,8.014133508065889,1.0604667653708761,-9.746858776612116,-1.2908756901571719,101,21,314,Hallway,Transition,Night,Medium,0,None
0.028318376130461172,1.0760071385985983,9.440370327547539,-4.966793497909753,-10.251787286421001,2.5506218062503745,116,28,832,LivingRoom,Lying,Night,Low,0,None
0.02975613949574519,0.02131164867194222,10.101107339191742,-5.079394134949892,3.6959024735078394,-3.2468240980694048,88,28,114,Hallway,Transition,Night,High,0,None
0.9382838059759977,1.9011906857530074,9.983834516322505,-6.9427127691560555,2.535101360676784,1.4761628752030156,84,18,358,Hallway,Standing,Afternoon,Low,0,None
-0.5160447282173739,-0.060660813814620775,12.493033663980498,-8.00135552251855,-0.28697682537018004,-1.1911683752780875,80,23,877,Hallway,Standing,Evening,Low,1,Mild
0.09612077694098337,-0.7084067669104628,10.149800024567908,-6.086413461102397,-6.9772425237753595,-2.05259241364865,105,19,562,Bathroom,Sitting,Morning,High,0,None
-0.4622752887050425,-1.5137143926128271,8.79594540315799,0.797312534020646,-3.539554703370377,9.094492661001624,62,29,219,LivingRoom,Walking,Evening,High,0,None
-0.4344962274323156,-1.803139676255945,9.704535752910928,-4.46393757745942,-1.31373373843252,5.885924815921695,77,20,227,Bathroom,Standing,Afternoon,High,0,None
-0.30917212346863937,-1.5841359430054898,8.02375366653355,2.5680723211554812,-7.979469842870567,0.6837332369961534,83,21,822,Hallway,Transition,Evening,Medium,0,None
0.22213377163371284,0.2671266510114834,9.71940025070324,0.1735687437628093,-3.6951432901161647,-11.521059679719833,106,23,622,LivingRoom,Lying,Evening,Low,0,None
-0.4787486216634773,0.5087250232299338,8.966943942999242,-9.842521067190269,3.261651690883399,-1.8050461162628484,97,23,787,Bedroom,Lying,Morning,Medium,0,None
1.2557561255735208,-1.5811907020321334,10.715390275560162,3.274877921108449,7.136526821446082,13.515137822025418,69,24,744,LivingRoom,Sitting,Evening,High,0,None
-0.8946073022195039,0.8950383140761154,9.250459725404466,4.053993227958549,-2.097173763292753,-1.1533083331985408,86,22,424,Hallway,Lying,Evening,Medium,0,None
-0.18687164416135904,-0.4830610516834395,9.683234084204754,-4.969313374174266,3.782441771580492,5.516087860268291,71,24,419,LivingRoom,Standing,Evening,High,0,None
-0.4397310582741749,0.14679301198554937,9.164442158595598,2.100957714474958,-9.570300352937336,7.209712009763004,66,19,605,Bedroom,Lying,Night,High,0,None
1.4469778843537329,1.6122206282554243,11.538851351853332,-4.282491187045995,3.2972562055680577,1.0948195792798754,76,18,625,Bedroom,Standing,Afternoon,Low,0,None
0.19655477651157463,0.8968393158655319,9.478757233882089,0.488351883741677,-4.019742073637405,-4.2091081593407615,60,29,149,LivingRoom,Standing,Afternoon,Low,0,None
1.0318445394686349,-0.2685306479058323,11.632557043479203,-6.322492034774828,1.5367280835398502,-12.176561658914443,117,27,683,Bedroom,Walking,Morning,Low,0,None
-1.485560373036972,-0.8911922254152874,10.614151762118267,-8.965532262672884,-1.2387620911985462,3.4208160430447725,109,25,168,Bathroom,Sitting,Night,Medium,0,None
0.26705026586925884,-2.151815401329305,10.282066727335387,-1.9140859480648433,6.60207004891917,-4.073780014117741,85,18,490,LivingRoom,Transition,Night,Low,0,None
0.889630795623437,-0.7191533192424201,10.168733147317521,-0.6186447313741807,-4.372178241699591,0.8807522594384607,74,29,482,Bedroom,Standing,Evening,High,0,None
0.08228398927542419,-0.21113023882769444,10.193797298216252,-1.9883984680730202,3.1380314878091555,-6.249101697946821,110,19,115,Bedroom,Sitting,Afternoon,Low,0,None
1.0654803750653512,-0.987179527151184,7.872327420654391,-5.920152791112797,-1.3975373164826674,-1.3261877023510111,119,28,538,LivingRoom,Transition,Morning,Medium,0,None
-0.5172884501003722,-0.13125696709230472,9.521116605849244,-1.9994953106556854,-0.7915273900483188,0.16859527450526623,92,29,945,Bathroom,Lying,Night,Low,0,None
1.40934744018558,0.07685188295876821,10.645157971184322,1.34647376290367,-0.9192694657960483,1.3429679052214893,96,27,968,LivingRoom,Sitting,Evening,Low,0,None
2.2988981236192503,-0.22485598180807856,9.751102816525895,-0.2244651506126849,-4.228365522470565,-5.574110936762072,106,23,667,Bedroom,Sitting,Morning,Low,0,None
-0.36283856043965906,-0.6500025808234597,8.394810153196426,0.912505152996067,-0.0704948295333579,5.984554743806761,90,18,716,LivingRoom,Sitting,Night,Medium,0,None
-0.4455025214007718,0.16865467196672768,9.747595549422531,-3.3505760022711644,-0.31324111060910753,-2.9844739236598565,94,27,231,Bedroom,Lying,Morning,High,0,None
1.453384477117701,0.44194064956940904,11.504105516255493,5.858589573580798,1.2062012420336465,-8.372347302266226,60,20,659,Hallway,Lying,Night,High,0,None
1.5795721457307124,-1.090399077442846,11.04689171553472,-5.880866682773903,0.4225257284643129,-0.545117099817319,67,24,347,LivingRoom,Sitting,Morning,High,0,None
-0.5228600271532683,1.41093237974627,9.73799599063397,2.437801485433593,3.9899727480611813,0.17187654513230044,71,29,372,LivingRoom,Walking,Night,Low,0,None
-0.42018681709585726,-0.09858813228426173,10.751449277058088,5.909455464799808,4.617543080236843,0.8029471658587989,118,25,722,Bedroom,Standing,Night,Low,1,Mild
-0.2817846088605072,0.018849622944847662,9.433492979631948,2.404540463744477,-5.253116609139006,6.810662018425396,113,21,937,Bedroom,Lying,Morning,Medium,0,None
-1.344450511034277,0.7082144232565571,8.096128413173282,-1.01262113532415,4.343862502953855,-1.182244183679297,116,29,947,Bedroom,Walking,Night,High,0,None
-0.9186519464841982,0.23321613126350166,8.875534011870446,-2.6414852333148957,-5.931682135549272,-0.5980981218438567,78,20,448,Bedroom,Lying,Night,Low,0,None
-1.0041407667520679,0.9531366339132451,11.3628887685082,5.18043825523128,2.9392794406886753,-5.515921906165468,84,18,583,LivingRoom,Sitting,Night,Low,0,None
-0.7677975651041284,0.2871241652018242,9.526006918170696,-7.1148746263083655,3.0986939235143436,4.102767514439485,116,29,649,Bedroom,Walking,Morning,Low,0,None
-0.03468488738678118,-0.6124373746404379,9.556616020624983,-4.850621301898218,-9.556584458312521,0.9215453203905173,91,26,456,LivingRoom,Transition,Morning,Medium,0,None
0.23421473253652075,0.36150352520610163,9.50016180372512,-1.987788827458607,0.46489623264704827,-2.100138636470813,71,27,851,Bathroom,Standing,Night,High,0,None
1.5505004928140769,-1.1437262073206618,11.704136589573007,6.18826878755999,-2.3424805668015787,-9.523373467327318,72,23,417,LivingRoom,Standing,Night,Medium,0,None
-0.998354040738791,0.10855970577652314,11.425958915362063,1.8988381802044803,-3.7938262896768746,7.222060975275437,87,23,732,Bedroom,Lying,Morning,High,0,None
0.9843223984765838,-0.0332299906444608,12.018780233448135,-4.840228792551226,6.7542616534950275,-6.138399822280286,60,26,147,Bedroom,Standing,Evening,High,0,None
-0.21398884422550896,-0.2081168572725397,9.640954789599949,-1.5515385269245183,-3.2683957031870947,-2.9563900468485285,110,18,109,Bathroom,Transition,Night,Low,0,None
-0.04946370965243295,-0.12853751143893075,10.095624488747095,-3.0716157204814722,-4.0318846455902495,1.7917225553800162,65,23,332,LivingRoom,Walking,Evening,Low,0,None
0.6748194921666038,-1.881849045497639,8.28335745057921,-3.5489449611676753,0.37847470002546724,-5.982789643083432,67,29,135,Bathroom,Walking,Morning,Low,0,None
-1.1227220215622986,-0.5487249077409615,11.276934426118276,4.894447792783896,3.427948731492082,-7.467548891265717,63,22,512,LivingRoom,Sitting,Night,Low,0,None
0.3824097461840506,0.09284490114111471,8.632220448732065,-6.858715646317528,-0.7082429300506344,-10.619737913503325,64,28,561,Bedroom,Walking,Evening,Low,0,None
0.1664522082130561,0.15985639199740037,10.01677556376263,8.043904278671867,5.831852728346261,3.604984764528179,84,23,103,LivingRoom,Lying,Morning,High,0,None
0.4924512640081491,-1.0276751409259581,8.702697472367156,4.141148450923114,2.6548783098204525,-2.72593122363161,81,28,143,Bedroom,Transition,Evening,Low,0,None
0.2891686439078181,1.2657078408647007,9.211133173261304,5.45430835301849,-10.891056598657151,14.63635046236665,87,25,667,Bedroom,Sitting,Afternoon,Low,0,None
2.4553001399108942,-0.8661748482145009,8.9627375689503,-2.3146975601262914,-2.6473348175350413,-4.971775328154367,98,22,653,Hallway,Lying,Morning,Medium,0,None
-0.637739984251316,0.9694572005267368,9.192124739324182,-0.7497035953955468,-2.809210496758495,-4.607255117144606,82,19,354,Hallway,Lying,Afternoon,Medium,0,None
-0.5309969550018176,0.42719436187168486,9.260877296851023,-7.16575907262356,2.3968047671471115,-2.8269648514270074,63,29,839,LivingRoom,Lying,Morning,High,0,None
-0.6231405264247644,-0.646227309843803,9.251731205074924,-2.623312035334015,-13.12408528187056,1.2156732756924455,111,29,213,Bedroom,Standing,Morning,High,0,None
-0.5554771191602547,1.775310892609512,10.633333911780309,2.4682742382157543,12.745048543588611,-2.3510166939265567,63,19,848,Bathroom,Lying,Night,Medium,1,Mild
-0.6373871273065177,-1.19363683175648,8.695137206937481,6.480315308906981,2.65513047447105,3.06166107001256,106,27,496,Bedroom,Standing,Afternoon,Medium,0,None
1.1890165311075518,0.9191541736100015,10.020541427013868,-5.535784084012258,0.7443840195884555,-4.892941949943272,118,22,273,Bathroom,Walking,Afternoon,Low,0,None
1.4205042479898549,1.0005823180429783,11.01795915230556,-1.8275296849263292,5.9078385820957315,-6.907958592317906,80,20,354,LivingRoom,Standing,Afternoon,Low,0,None
-0.5707462937494763,-0.6706202090766449,9.286803635486605,-0.7564961011626116,11.718270264063124,-8.991073697045538,96,27,565,LivingRoom,Lying,Morning,High,0,None
-0.8323555731042287,1.3924653000643288,9.0820811092524,-6.978946010962426,4.353733222942016,-11.117870839685985,115,20,376,Bathroom,Transition,Afternoon,Medium,0,None
0.4714155563864041,-0.2500465145989528,9.56947537481975,2.9567462087920013,4.7440654823581,-2.590345097375284,100,25,563,Bathroom,Transition,Afternoon,High,0,None
-0.5522230442809712,0.28869362927985703,10.97972520836071,-3.6199516587130454,0.6534501223219116,-1.5049015619661097,61,24,946,Bedroom,Walking,Night,Low,0,None
0.6329318177555108,0.2603218387712207,9.994107630953359,-0.9769517558851198,-0.7076287668347414,-3.1571851374159166,118,18,601,LivingRoom,Lying,Evening,High,0,None
0.2029230208512997,-0.1343087414705478,9.268785705392402,-2.2597468595593884,-2.3789772200245056,6.217028985935809,66,29,540,Bedroom,Standing,Evening,High,0,None
-1.515744114997232,0.8108082731597821,10.28387665118804,-3.946692528598372,-4.130559958572711,6.140151048040675,108,29,168,Bathroom,Transition,Afternoon,High,0,None
1.5475052013300616,0.793488720552213,8.697707850163578,-0.0352249274027735,-3.4350704984974865,-1.6740149372225095,75,22,608,Hallway,Sitting,Afternoon,Low,0,None
1.7958776730955217,-1.7485319732381808,10.48135951044295,-1.0780478928401118,-6.752779821714916,-8.969605565959816,76,26,425,Hallway,Lying,Afternoon,High,0,None
-0.6127886904843862,1.3043402428781525,10.208607307701769,-1.8592894113933278,-0.3793572534251166,-2.833525540275264,79,21,841,Hallway,Lying,Afternoon,Low,0,None
-0.38770155993598415,-1.6624919880356743,9.492191528861117,-3.642308108401714,-8.423337886131934,-2.9991069695853074,117,18,166,Bathroom,Sitting,Evening,Medium,0,None
0.28586539072490497,1.0325462043416573,8.96141420155277,1.597623353914777,0.9545826207185535,-3.2856748113902903,82,25,403,Bedroom,Transition,Night,High,0,None
0.334456789987025,1.1267051368275833,8.913319077716544,8.268086342461425,-0.1816530402117087,-3.4885945194912242,93,22,583,LivingRoom,Sitting,Morning,High,0,None
0.6585442726728304,-1.0909664302151982,10.33481733634591,0.6994361641956369,0.734676491933439,-3.2673144786240362,70,19,647,Bathroom,Walking,Afternoon,Low,0,None
2.0102045387663496,-0.4108142879545848,11.028980502489063,4.980591074555645,-2.610657850099962,-1.9327080794887987,93,29,516,Hallway,Standing,Afternoon,High,0,None
-0.1769472274940494,-1.1057046684859357,9.162692252971206,-6.951109625767313,15.384301850902517,-3.177705494077783,92,18,258,Bedroom,Standing,Evening,Low,1,Moderate
-0.7982972445384537,-0.21492103028873533,10.258386703551485,0.7888071964688474,6.800579500901565,1.0416125431279608,85,29,248,LivingRoom,Transition,Afternoon,High,1,Mild
-1.3793192280145272,-0.30803428418574125,7.712972981397932,-5.486841594855333,-6.222712500423614,1.8018435795243053,61,29,126,LivingRoom,Sitting,Night,Medium,0,None
-0.7309300399419191,0.7796605322693398,9.2153822693428,-7.384624637659507,1.1643404371344912,-4.553225435912449,82,29,683,Bathroom,Lying,Night,Medium,0,None
-0.033126972873797095,1.3103087461196083,9.768941067129099,-3.6968570372951817,-3.040030714686618,6.355326630035167,100,20,347,Bathroom,Lying,Afternoon,Medium,1,Moderate
1.7945578635177877,1.395683810789956,8.890316583018167,5.959496672067864,-5.07239863353707,-4.900311509203071,81,26,200,LivingRoom,Lying,Evening,High,0,None
-0.5176112990361714,-0.5621680265783021,8.863493625210404,4.750079143348228,-6.700360355619674,-8.089003069076686,117,18,801,LivingRoom,Walking,Afternoon,High,0,None
0.2237879516388985,-0.20922187374452778,9.132220443531114,1.2150236102719985,2.1610834537962695,1.9038903568252585,93,21,195,Hallway,Walking,Afternoon,Medium,0,None
-0.016422896072752075,-1.6834381922209503,10.092192728326374,-7.663502799449654,-3.4069011753478695,-4.087040672071699,119,25,483,LivingRoom,Lying,Evening,Medium,0,None
1.188393273448084,-0.8058700664961888,9.612670981593626,-0.981403256939684,4.83913012012602,1.60645735378694,74,25,381,Bathroom,Transition,Night,Low,0,None
2.5269324258736217,0.9648516330974576,7.561768766675028,1.5085000445086778,4.968911072652195,-12.018343005502652,69,27,421,Bedroom,Walking,Morning,Low,0,None
-0.5308687729203206,1.6155828235482317,7.679299847364934,0.8776811478929896,6.869571926057247,6.9622797074153375,74,29,495,Hallway,Walking,Afternoon,Medium,0,None
-0.48943944251822213,-1.234348871879922,9.193134822142826,-9.21896791740373,-4.261933830370518,3.361467040202011,101,28,377,Hallway,Standing,Night,Medium,0,None
1.044160877069072,-0.5924642591528942,10.257686586053552,-4.451589240099359,2.376828053460051,-7.502382745815009,88,28,628,LivingRoom,Standing,Afternoon,High,0,None
0.6818914896263114,-0.02640575695892703,7.052495157274766,-0.32038882074358316,3.162271083211504,-7.393885619231428,116,25,362,Bedroom,Transition,Morning,Medium,0,None
1.8467073257360336,0.2801611588196068,9.300269823848371,2.6814545475859495,-2.3708908755198244,8.361329520487638,82,27,718,Hallway,Walking,Evening,Low,0,None
0.5839281853259639,-0.8096035199216461,9.273752143482579,-10.980639105499732,-3.8588597869643753,-3.6868995174897927,118,25,679,Bathroom,Walking,Night,Low,0,None
-0.35929209078705954,0.4240610444640897,11.18833777820845,-0.8106198773992922,8.047603328879864,-4.170924243663119,76,21,739,LivingRoom,Sitting,Morning,Low,0,None
0.5906548306923093,-0.47383934707091613,9.414978188287137,0.7152438493947617,1.1374793786602686,-11.330260470746413,119,25,392,Bathroom,Transition,Afternoon,Low,0,None
1.1087035805829077,-0.014452270878279104,10.182988984740929,4.248059942581065,3.17983875355869,-1.7538910280077706,68,26,393,LivingRoom,Transition,Morning,Low,0,None
0.820482181197364,0.5462842480036996,9.941257140087464,3.4642879211871835,-4.110380059139637,-1.1385980741787642,109,24,707,Hallway,Sitting,Night,Low,0,None
0.5072740311072977,0.0064222698109378164,7.669433520192801,2.912856594044026,-6.0964223326109686,3.5774654838474262,95,29,494,LivingRoom,Sitting,Evening,Medium,0,None
1.066674689589154,-0.4363858905265686,10.568207216631738,-3.9997025335096708,-2.8472488724605522,-6.995392140922378,68,19,612,Bedroom,Standing,Afternoon,Low,0,None
1.1692955904456728,-0.10960980392583083,10.01539650545629,-9.540010685616538,-0.6201069369499852,-7.601433961203048,75,26,909,Bathroom,Transition,Evening,Low,0,None
1.3821589910375272,-0.08836295920533532,10.30826863967459,-1.965263785307005,-5.3211000340867445,2.2548131738823844,95,28,279,Bedroom,Transition,Evening,Low,0,None
0.6487098875896427,-0.3700110298821277,13.726237706436327,5.0081591260428,-0.049224043251915026,5.033650356135324,107,25,792,Bathroom,Sitting,Morning,Low,0,None
-0.16711808031685435,-0.25879606266710237,7.715887060501412,6.967272637622157,-8.4425259403425,-7.855761755589415,110,22,334,Bathroom,Lying,Morning,Medium,0,None
0.14671368643332283,1.598647170504717,11.52469664976111,3.5527455114889266,-5.600237112349361,5.407570431498706,92,29,930,LivingRoom,Lying,Night,High,0,None
1.2065089665083568,0.5609194479412387,9.512552480599645,2.1467041140086716,3.3545562413843752,0.18770920743410724,114,20,436,Hallway,Standing,Night,High,0,None
-0.8169356709872361,-0.29548031802916036,10.08732890440301,1.8981982419298273,3.0189526013894707,5.459026695373228,90,24,107,Hallway,Lying,Evening,High,0,None
0.3686733088729012,0.6969544045107356,9.754487754698758,-2.7805937338039026,-1.959383826934332,-0.35110180758808285,65,19,542,Bedroom,Lying,Night,High,0,None
-0.3933388123273607,-0.33381948975600995,9.375763666601957,-0.6503014677681002,-5.088821545384765,-12.611389587439753,69,20,638,LivingRoom,Lying,Evening,Low,0,None
0.028744822934817487,1.1731246375866413,9.230167071761242,8.345347629131656,-5.137017757630055,-0.7598369115801944,75,29,919,Hallway,Walking,Afternoon,High,1,Severe
1.2784518626072987,0.3696421921980939,10.12950873557301,-4.712790028959382,-1.8663412297065705,5.300719093356349,63,26,757,Bathroom,Standing,Evening,High,0,None
0.19109906801990334,-0.10730214400422888,8.28282630332832,8.073893953549257,3.222592458226457,-4.468730095418572,113,21,190,Bathroom,Sitting,Night,Medium,0,None
0.04643654815614881,0.4477169258102776,10.550579167521766,-1.610140772460292,4.641228456721623,-1.939824844537261,81,21,953,LivingRoom,Lying,Night,Medium,0,None
-1.3598561409799192,-1.5708761520684993,9.383805595114747,6.627160545475393,-2.4826586774098454,-0.8806675177548915,72,20,371,Bedroom,Walking,Evening,Medium,0,None
0.7462535660272207,-1.1267674689098053,8.669930660959643,-7.034075047487692,-5.767462129923919,-14.49756939934241,75,22,933,LivingRoom,Lying,Morning,Low,0,None
0.6454841811410754,-1.1939250063990554,9.349987142004187,2.9295210058232457,1.3392181893316666,8.356737877187381,111,20,104,Bedroom,Walking,Evening,Low,0,None
2.16325472330546,0.14294309476370676,11.057149216862573,-3.68385067973811,-4.117674853129247,-4.506878399485872,88,26,693,LivingRoom,Standing,Evening,Low,0,None
-0.30777823495300083,1.732514999485092,9.264664912983777,-7.076335959620938,-2.5912631943060123,2.5286771623639948,65,20,998,Bathroom,Lying,Morning,Medium,0,None
0.21915032766393897,2.2313001461926323,10.15845361820962,1.0926702120547285,6.626380452185188,-0.4335056807410436,85,19,318,LivingRoom,Walking,Afternoon,High,0,None
0.24938368371075526,0.6380511014407572,9.069043724284528,5.0473589429798436,4.13557714282884,6.2880952817968,70,29,217,Hallway,Transition,Morning,Medium,0,None
1.5774532797634744,0.5008444749444569,10.55792184992362,-4.2247071929674815,0.7898715612572584,2.0302806121404045,83,22,692,Hallway,Transition,Night,Low,0,None
-0.0952955323869521,-1.801057734152739,10.485507738790204,-7.495079802292006,-6.359595005563614,-1.174621357604873,88,23,681,LivingRoom,Walking,Morning,Medium,0,None
0.27902152577033923,-0.5426737997340217,11.648608833296413,-0.45922382167477566,1.0569828373532946,-4.467575462596401,62,18,214,Bedroom,Lying,Night,High,0,None
0.6078965097165392,-0.7877837519082389,9.624436054500785,-0.4371766438859054,5.313286453937632,3.9892535069106945,111,29,362,Bedroom,Lying,Night,Low,0,None
0.1866091231563581,-0.620847598251116,10.468654804757907,2.7415981377724936,-1.878168328827678,-9.367206519773084,69,28,405,Bathroom,Standing,Evening,High,0,None
-0.44643361455052827,-0.1681438185847896,9.898067539538946,4.747972856822441,6.755570449933575,3.2294521013794624,119,23,753,Bathroom,Standing,Evening,High,0,None
0.19408999289830758,-0.47209057769712737,11.095871781863014,-0.2970759063624705,6.463726447591035,-5.4952237577743634,60,27,521,Bedroom,Sitting,Afternoon,Low,0,None
1.073631749859772,-1.9792998103757877,9.08116761239127,9.277516573971315,8.318664160717367,6.2614183097832,111,20,306,LivingRoom,Standing,Night,High,0,None
-1.0265152994110602,0.7479102561175338,10.545005312877281,1.1211737226764589,1.5262156326567646,0.8064977133134755,102,21,722,Bathroom,Lying,Evening,Medium,0,None
0.132969674146876,-1.0727430257398065,9.60530270388332,-1.732132530034498,2.9369584990300615,3.2206188392505437,85,23,402,Bedroom,Sitting,Night,High,0,None
-0.7001208149391732,0.23924686411114954,9.735811822891502,-8.05783679551414,7.07093644165545,0.4099440691235968,117,25,211,Bedroom,Standing,Afternoon,High,0,None
1.1950466289248425,2.0740826697499735,9.891752484448373,-1.3132976015808386,2.236969685344878,-8.761885475704984,71,26,516,LivingRoom,Walking,Night,High,0,None
-1.5231869047837747,-0.9193845915864234,10.052240396426678,-1.681934727055681,-2.5061705389510633,-4.303645816976692,73,23,654,Hallway,Transition,Afternoon,Medium,0,None
-0.5589218472715883,-2.5302875227463297,9.683770956878043,4.801523981407351,-2.2427141826393067,3.361946688056912,84,24,958,Bedroom,Standing,Afternoon,High,0,None
0.37721187506452086,-0.2860042218801108,10.014713183170526,2.31241812033427,1.1927747688686958,0.83327908679922,67,22,384,Bathroom,Standing,Afternoon,High,1,Moderate
1.5655240292343404,1.100959634998571,11.378118057562185,-5.896845608163086,-6.4528071097310935,5.904949526528361,102,29,739,LivingRoom,Walking,Evening,Medium,0,None
-0.0657502610729878,1.9583474542205939,10.78544968561522,0.8612719320551875,-0.7162945768209632,2.016372815185859,63,26,284,LivingRoom,Lying,Morning,Low,0,None
-0.5551995266931984,-1.2295495944524168,10.669154592496897,3.357655858645267,5.482735591151268,-4.833509453513299,87,21,840,LivingRoom,Walking,Morning,Low,0,None
1.8811570694405901,0.4966992232365217,9.34446047397613,7.640156796939164,-10.956269255826406,-3.98032068860317,66,27,320,Hallway,Standing,Evening,Low,0,None
-1.448013900416244,-0.46531045678005334,8.910759171771677,4.437519837070297,7.6724105089725745,0.514586952616186,69,28,963,Hallway,Lying,Night,High,0,None
-2.198805956620082,-0.10594835430413566,10.755300558237753,3.804233271557389,5.611871093515798,-11.570220330000527,110,23,543,Bathroom,Sitting,Evening,Low,0,None
0.4400144500533324,2.6443433470170348,10.676046792529794,0.30042997307581804,-2.2988230791523816,8.367209428114926,116,22,216,Bathroom,Standing,Night,Medium,0,None
-0.5020542243526112,-1.5029703283951532,11.272670675750982,1.9415600271172482,2.716954139359048,2.2087336818877863,117,18,169,LivingRoom,Walking,Afternoon,High,0,None
-1.0212328171307132,0.25373966149457344,9.19601937403077,6.247524503530793,0.015738634531633166,6.1351729852443615,95,22,997,Bathroom,Sitting,Evening,High,0,None
0.7083564472993533,0.4676931717654332,9.570451344639654,-6.663886987398248,6.149951842193415,-7.903019704045845,61,22,169,Bedroom,Transition,Morning,High,0,None
0.24380071377119883,1.0857863249393471,8.160515837474566,-1.7471966360847797,4.913415713849706,6.2228258017762785,85,26,721,Hallway,Sitting,Night,Low,0,None
-0.5640786307367284,0.09798315347089544,9.407528893939128,-3.8628437437812035,-7.000353615915046,11.157494555138744,112,18,526,LivingRoom,Walking,Evening,Low,0,None
-1.2803043986708944,0.3080505395041023,10.796570510579448,1.8957655936306206,2.9363120673208836,-6.604391776886588,109,22,743,LivingRoom,Sitting,Evening,Low,0,None
0.8724573282801447,-0.3916485674217911,9.333504620771803,6.151110878253938,-1.0281392682162382,3.857008974518833,73,24,667,Bedroom,Walking,Night,High,0,None
0.650201177958661,0.26912694124510733,10.440479795200824,-2.9848714336053694,0.4141628525904995,0.005549723436465733,117,28,542,Bedroom,Standing,Afternoon,Medium,0,None
-0.09917586377938291,-0.3431922754974105,9.60949689400219,-11.95152183734719,-3.640859504849078,-7.722169241241222,75,23,700,Bedroom,Lying,Afternoon,High,0,None
1.8466369960476658,0.6215718898560508,10.12405702822156,-2.0611037251223507,8.740685345604177,2.464419859259349,113,23,236,Bedroom,Transition,Afternoon,Medium,0,None
-1.0700847663261526,-0.36961033604363397,8.652308610184333,4.567368660087033,5.20030909951288,4.168016024186742,102,29,603,LivingRoom,Lying,Afternoon,High,0,None
-1.5255251709247388,0.37710039390218647,9.885209449633901,2.6881495147493983,-3.6988558198648365,-3.0056327633442343,101,24,230,Hallway,Lying,Night,Medium,0,None
-0.6919080698812444,-0.029262813684978354,6.8088640290992775,2.1409312390528807,-6.673053034551163,5.8295826012761145,76,23,317,Hallway,Lying,Morning,High,0,None
-0.045586016355497805,1.1260502507721681,9.613103841838015,-1.3999665093723987,-1.928363154889241,-8.333817033945989,105,22,787,Bedroom,Walking,Evening,High,0,None
0.24333944932269183,-0.05139372358848624,8.16952675628486,-6.395153681098932,2.172513230456529,-7.473780732248221,81,27,270,Bathroom,Walking,Evening,Medium,0,None
-0.24123605785632987,-1.7730324682068814,11.005994516546817,2.576471608122337,1.201029219731115,0.6829869779437618,63,22,574,LivingRoom,Transition,Afternoon,Medium,0,None
0.3520553965142968,1.2619215007139917,10.577407352764512,-4.171409050173124,6.265664123841217,0.12692638986135857,78,26,711,Hallway,Walking,Night,Medium,1,Moderate
-1.251539424190444,-0.9057323008626189,10.266670981966081,10.920483666902282,3.9495986109042613,-3.5828674421205258,61,25,228,Bedroom,Walking,Morning,Medium,0,None
1.4437646040732595,-0.6537663386488198,11.32100622715938,2.85253604177258,4.8478451287645346,4.047972179859429,98,29,156,Bathroom,Walking,Morning,Medium,1,Moderate
-0.0821511783925688,-0.5956612940434921,8.851083479175163,-2.903241512769755,1.6342770030521867,2.6544715710797466,68,27,280,Bathroom,Walking,Evening,Medium,0,None
1.1172958315881276,1.3744380931708173,11.547363197915558,-3.056926236943141,-6.9464936510549515,4.2906953546700795,119,21,345,Bedroom,Standing,Afternoon,Medium,0,None
0.34272534637770413,-2.1356742139786955,10.732191564260386,-0.4647210330679414,-0.9784926557345073,-0.6156821767613381,78,21,243,LivingRoom,Transition,Evening,Medium,0,None
0.4567532191537839,3.1377485336599937,9.563444712781054,-1.1975096101087488,5.3004486995433275,3.0129013398917044,75,27,150,Hallway,Walking,Evening,High,0,None
0.5697672802322039,1.0560568090660518,10.935620147182945,5.5841688776497715,-0.2576146426232303,-2.2282515151499727,113,22,467,Bathroom,Transition,Morning,Medium,0,None
0.44770856001731496,0.22323891412915967,8.693706487588367,0.9320808487202316,2.515451843118734,10.269093450432978,84,20,558,Hallway,Sitting,Night,Medium,0,None
0.6427227598675439,-0.05489400061628639,8.975485838472327,-3.6581586945426405,-1.5937415762306655,-4.062728850609929,107,25,317,Hallway,Standing,Morning,High,0,None
1.3291525301324314,0.28555407485765694,9.191410276760301,9.452203425778913,-5.149059242709225,10.526487147291562,77,24,715,Bathroom,Walking,Evening,High,1,Mild
0.19652116970147013,0.5211224283793383,9.271022291935985,0.24654165760111316,-0.6167203202305522,0.17443973544704283,82,22,994,Bedroom,Standing,Afternoon,Low,0,None
0.7090037575885123,0.645215585950057,8.743442357239747,3.844198379844484,1.5452372151632696,-6.877554447843713,112,27,666,Bathroom,Standing,Afternoon,Low,0,None
-0.08973569428722672,0.5556044660034485,11.023083067095326,-3.0411325372237963,-3.2784385973072183,6.840396752443006,80,20,356,Bathroom,Sitting,Night,Medium,0,None
1.4401172154494728,0.08958068125524882,9.54114559963017,1.8155781387226169,-1.1785562242833425,0.6295069419747951,70,22,957,LivingRoom,Transition,Night,Medium,0,None
-0.6763923020592697,-0.1973384203073261,10.15250496835688,1.555549955715976,-4.697316209929913,4.2556204919011895,98,20,255,Hallway,Standing,Night,Low,0,None
1.8009404329108156,-0.1512732836535117,9.22964863358632,-9.448246460480764,5.59622458782048,6.119279592712966,100,27,664,Bedroom,Lying,Evening,Low,1,Mild
-0.04015795064434341,-0.194908280352681,7.979396699451484,10.076375552303201,-1.47227878794017,1.6897777707251262,63,22,541,Hallway,Sitting,Evening,Medium,0,None
-1.4307751021180481,1.1337700968670645,10.070057358391423,6.453222304612735,7.2637777256309155,-2.961204224064073,84,18,940,Bathroom,Lying,Night,Low,0,None
0.12810441491078928,0.5935567222808619,7.887745024580224,-1.985976580729938,7.643739252704542,4.878566888346251,91,23,798,Bedroom,Sitting,Afternoon,Medium,0,None
-0.6810516574748808,-2.9403886346642802,9.731365953914532,-5.511348702279277,-0.4052298236087188,0.0037775372729777403,89,27,975,Bedroom,Lying,Afternoon,High,0,None
0.8406435489887241,0.655900776529761,8.431684961167191,1.73780806901776,-5.042243662736748,3.4292890930420947,104,21,761,Bedroom,Lying,Afternoon,High,0,None
-0.6526239793023909,0.19473619471877485,11.78727599923081,0.4334884970719829,-10.429489388666687,-10.768652868957307,118,21,875,Bedroom,Standing,Evening,Low,0,None
-0.4461834332147797,-0.018708756445897416,10.711362722174723,1.778344742816147,-7.360185365133958,2.2349085850492596,85,25,861,LivingRoom,Standing,Morning,High,1,Severe
-1.889540730945531,-0.38851845308888583,9.905753791271481,0.9578869809704481,-6.8691741244933,-3.1929291257251506,116,19,909,Bedroom,Sitting,Afternoon,High,0,None
-0.4523063192490767,1.1241127199860135,11.06370667765467,2.5312049465296305,6.892348137307524,8.266548185892653,95,21,822,Bathroom,Transition,Afternoon,High,0,None
-2.4238793266289567,0.9475264621228578,8.953684022534265,7.236528496959033,0.5791229361347304,3.115436739445476,110,19,124,LivingRoom,Standing,Afternoon,High,0,None
-1.5839028234857233,-0.7728776678236091,10.343479378670093,2.8405160256432307,1.9480226204599391,1.199288729246483,93,18,905,Bathroom,Standing,Night,Medium,0,None
0.7604146561442974,0.4070522871245351,9.999810433718714,-5.248277494549706,-11.10210504467563,2.431549966751108,68,27,952,Bathroom,Walking,Evening,Medium,1,Moderate
0.7858001586508322,-0.971656734541286,10.064020081333672,6.81281426356226,-5.989832146086308,-4.9922042643835915,71,20,763,Hallway,Standing,Night,Low,0,None
0.42545756178496474,-1.3796181647889305,11.072353500106768,8.203072817441438,4.435398882231435,8.11628345264027,61,29,635,Bedroom,Transition,Night,High,0,None
-0.966976143129213,-0.6267172245899651,10.532492102779804,15.760283672560425,1.433870561912931,9.956852092084523,97,25,863,Bedroom,Walking,Morning,High,1,Moderate
-0.047711356141979855,0.8623934723827588,10.088723662825023,-5.61747016619799,-0.7360263934279864,1.9645675527410815,64,23,159,Bathroom,Lying,Night,High,0,None
-0.0036025390905684044,0.9531250453760867,8.145112563771704,1.214410065751375,2.8242117930006128,7.952017842868193,64,29,566,Bedroom,Lying,Morning,Low,0,None
-1.1583646891925428,0.513085420097293,8.839953704720537,-10.410493515944935,8.178989030679075,-2.845740993362669,111,24,533,LivingRoom,Walking,Night,Medium,0,None
1.5033983017671506,0.7250957868479971,9.677291066404276,2.7657457818960456,-1.1052123176852529,-3.9855678311249036,81,19,978,Hallway,Walking,Afternoon,High,0,None
0.8773622905756714,0.5161782871149584,9.893372374276652,-2.741001490833863,0.3468490132903471,0.20462374364461425,64,23,165,Bedroom,Walking,Evening,Medium,0,None
-0.22096417382966393,-0.6414815952229522,8.669796275326076,9.617228974124766,0.9629845936565257,2.174705191839493,118,25,664,Bedroom,Sitting,Night,Low,0,None
0.02688583899453078,0.43192254467394064,12.211676675578422,-3.8730748500929097,11.960548176369963,-1.9699334062156022,63,25,205,LivingRoom,Transition,Morning,Medium,0,None
0.20838280794755248,0.8004095252276823,11.316394055253573,-8.445915189836308,-10.496781322095128,2.688840951842419,68,21,195,Hallway,Transition,Evening,High,0,None
-2.0417348684242906,0.7542913298135743,10.402118320392484,-2.3563187035125983,3.41611507394404,1.5319474103670703,88,23,787,LivingRoom,Lying,Morning,Medium,0,None
-0.24717738252059693,1.188913371474643,9.872036861283746,-9.877438856085687,-0.5740112437953183,-4.991533876455275,81,22,650,Bathroom,Lying,Afternoon,Medium,0,None
-0.6819842479977986,0.7083038472010638,9.587791030098849,3.7554972725365503,2.833858630920898,2.5939650872586064,86,26,267,Bathroom,Lying,Night,Low,0,None
-1.0016200098949155,0.3514482075415829,8.848081539977764,-10.325415231281603,-3.286862769973622,4.317641212607606,69,25,141,Bedroom,Standing,Evening,Low,0,None
-0.2811002928859549,1.0701502383164274,9.877480518518864,0.1422879059157944,-0.24482515429225127,0.8573465879519547,75,19,978,Hallway,Lying,Afternoon,Low,0,None
1.7976865268495226,-0.026521259249060063,10.05775254014275,-10.389059099280985,3.5570528973274755,5.763240516308462,101,29,203,Bathroom,Walking,Night,Low,0,None
0.6408428612670098,-0.8818746512277178,8.558239424518376,-1.6014890226832095,15.564551005219204,-6.0870189674847595,101,24,944,LivingRoom,Lying,Night,Medium,1,Mild
-0.5711789897827968,-0.16306696394376388,10.134176417244898,8.21689077902267,4.040180947010358,2.3397521106592585,110,24,303,Bathroom,Walking,Morning,Medium,1,Moderate
0.5725827813561586,-0.7449026448064491,9.644740951175251,1.8032394571789747,-4.240327990152543,-5.851403531983874,69,28,619,Bathroom,Sitting,Morning,Low,0,None
